id,source,company_name,legal_rep,est_date,capital,company_type,reg_number,taxpayer_id,business_term,credit_code,status,address,province,city,district,industry,business_scope,metadata
COMP_000001,马克数据网,合肥市瑶海区谢长银蔬果园,谢长银,2020-04-09,未知,个体工商户,340102601112339,92340102MA2UMADM8F,2020-04-09至无固定期限,MA2UMADM-8,存续,合肥市瑶海区临泉东路静安瑞泰3栋104,安徽省,合肥市,瑶海区,农业,食用农产品、预包装食品、保健食品、肉类、禽类、水产品、日用百货销售；卷烟零售；室内娱乐活动服务。（依法须经批准的项目，经相关部门批准后方可开展经营活动）,"{""company_name"": ""合肥市瑶海区谢长银蔬果园"", ""legal_rep"": ""谢长银"", ""credit_code"": ""MA2UMADM-8"", ""est_date"": ""2020-04-09"", ""status"": ""存续"", ""address"": ""合肥市瑶海区临泉东路静安瑞泰3栋104"", ""id"": 1.0, ""company_type"": ""个体工商户"", ""approval_date"": ""20/4/2020"", ""business_scope"": ""食用农产品、预包装食品、保健食品、肉类、禽类、水产品、日用百货销售；卷烟零售；室内娱乐活动服务。（依法须经批准的项目，经相关部门批准后方可开展经营活动）"", ""business_term"": ""2020-04-09至无固定期限"", ""source"": ""马克数据网"", ""taxpayer_id"": ""92340102MA2UMADM8F"", ""reg_number"": ""340102601112339"", ""province"": ""安徽省"", ""city"": ""合肥市"", ""district"": ""瑶海区"", ""industry"": ""农业"", ""county"": ""瑶海区""}"
COMP_000002,马克数据网,合肥寿山滨水生态农业开发有限公司,范伟,2011-11-29,5000000,有限责任公司(自然人投资或控股),340100000593609,913401005872104446,2011-11-29至2041-11-25,58721044-4,存续,安徽省合肥市瑶海区凤阳新村20栋603室,安徽省,合肥市,瑶海区,农业,农业科技、农业技术的开发、服务、咨询与转让；农业信息咨询；花卉、苗木、盆景、草坪的研发、种植与销售；花卉租赁；瓜果蔬菜、农作物的种植与销售；生态旅游开发；农用机械、农具、农副产品的销售；水产品养殖与销售；农用机械的技术服务；园林绿化工程施工；绿化养护；景观设计。（依法须经批准的项目，经相关部门批准后方可开展经营活动）,"{""company_name"": ""合肥寿山滨水生态农业开发有限公司"", ""legal_rep"": ""范伟"", ""credit_code"": ""58721044-4"", ""capital"": ""5000000"", ""est_date"": ""2011-11-29"", ""status"": ""存续"", ""address"": ""安徽省合肥市瑶海区凤阳新村20栋603室"", ""id"": 2.0, ""company_type"": ""有限责任公司(自然人投资或控股)"", ""approval_date"": ""3/12/2018"", ""business_scope"": ""农业科技、农业技术的开发、服务、咨询与转让；农业信息咨询；花卉、苗木、盆景、草坪的研发、种植与销售；花卉租赁；瓜果蔬菜、农作物的种植与销售；生态旅游开发；农用机械、农具、农副产品的销售；水产品养殖与销售；农用机械的技术服务；园林绿化工程施工；绿化养护；景观设计。（依法须经批准的项目，经相关部门批准后方可开展经营活动）"", ""business_term"": ""2011-11-29至2041-11-25"", ""source"": ""马克数据网"", ""taxpayer_id"": ""913401005872104446"", ""reg_number"": ""340100000593609"", ""contact_phone"": ""0551-63457288;13965093108;18919659801"", ""email"": ""1421227542@qq.com|610566180@qq.com|14212275422@qq.com|18919659801@qq.com"", ""province"": ""安徽省"", ""city"": ""合肥市"", ""district"": ""瑶海区"", ""industry"": ""农业"", ""county"": ""瑶海区""}"
COMP_000003,马克数据网,合肥市瑶海区卓新生态养殖家庭农场,汪卓,2022-09-30,100000,个体工商户,340102601638297,92340102MA8PJ3N961,2022-09-30至无固定期限,MA8PJ3N9-6,存续,安徽省合肥市瑶海区长江东路与郎溪路交口金光苑7栋103,安徽省,合肥市,瑶海区,农业,一般项目：谷物种植；豆类种植；油料种植；棉花种植；蔬菜种植；薯类种植；园艺产品种植；水果种植；草种植；农业园艺服务；灌溉服务；树木种植经营；木材加工；木材销售；牲畜销售（除许可业务外，可自主依法经营法律法规非禁止或限制的项目）许可项目：水产养殖；牲畜饲养；住宿服务（依法须经批准的项目，经相关部门批准后方可开展经营活动，具体经营项目以相关部门批准文件或许可证件为准）,"{""company_name"": ""合肥市瑶海区卓新生态养殖家庭农场"", ""legal_rep"": ""汪卓"", ""credit_code"": ""MA8PJ3N9-6"", ""capital"": ""100000"", ""est_date"": ""2022-09-30"", ""status"": ""存续"", ""address"": ""安徽省合肥市瑶海区长江东路与郎溪路交口金光苑7栋103"", ""id"": 3.0, ""company_type"": ""个体工商户"", ""approval_date"": ""30/9/2022"", ""business_scope"": ""一般项目：谷物种植；豆类种植；油料种植；棉花种植；蔬菜种植；薯类种植；园艺产品种植；水果种植；草种植；农业园艺服务；灌溉服务；树木种植经营；木材加工；木材销售；牲畜销售（除许可业务外，可自主依法经营法律法规非禁止或限制的项目）许可项目：水产养殖；牲畜饲养；住宿服务（依法须经批准的项目，经相关部门批准后方可开展经营活动，具体经营项目以相关部门批准文件或许可证件为准）"", ""business_term"": ""2022-09-30至无固定期限"", ""source"": ""马克数据网"", ""taxpayer_id"": ""92340102MA8PJ3N961"", ""reg_number"": ""340102601638297"", ""province"": ""安徽省"", ""city"": ""合肥市"", ""district"": ""瑶海区"", ""industry"": ""农业"", ""county"": ""瑶海区""}"
COMP_000004,马克数据网,安徽省凯泽现代农业有限公司,郑凯,2017-10-24,10000000,有限责任公司(自然人投资或控股),340100002091945,91340100MA2Q3C0P89,2017-10-24至无固定期限,MA2Q3C0P-8,吊销，未注销,安徽省合肥市瑶海区泗州路8号2号楼407室,安徽省,合肥市,瑶海区,农业,农作物种植；畜牧水产养殖；苗木、果树种植；农产品加工（以上限分公司经营）；生态蔬菜销售；农业观光旅游；土地治理；乡村旅游开发；农产品加销售。（依法须经批准的项目，经相关部门批准后方可开展经营活动）,"{""company_name"": ""安徽省凯泽现代农业有限公司"", ""legal_rep"": ""郑凯"", ""credit_code"": ""MA2Q3C0P-8"", ""capital"": ""10000000"", ""est_date"": ""2017-10-24"", ""status"": ""吊销，未注销"", ""address"": ""安徽省合肥市瑶海区泗州路8号2号楼407室"", ""id"": 4.0, ""company_type"": ""有限责任公司(自然人投资或控股)"", ""approval_date"": ""22/3/2021"", ""business_scope"": ""农作物种植；畜牧水产养殖；苗木、果树种植；农产品加工（以上限分公司经营）；生态蔬菜销售；农业观光旅游；土地治理；乡村旅游开发；农产品加销售。（依法须经批准的项目，经相关部门批准后方可开展经营活动）"", ""business_term"": ""2017-10-24至无固定期限"", ""source"": ""马克数据网"", ""taxpayer_id"": ""91340100MA2Q3C0P89"", ""reg_number"": ""340100002091945"", ""contact_phone"": ""15956523456"", ""email"": ""2593791112@qq.com"", ""province"": ""安徽省"", ""city"": ""合肥市"", ""district"": ""瑶海区"", ""industry"": ""农业"", ""county"": ""瑶海区""}"
COMP_000005,马克数据网,安徽乐满仓生态农业有限公司,骆此勇,2012-05-15,2000000,有限责任公司(自然人投资或控股),340100000653821,91340100597051774D,2012-05-15至无固定期限,59705177-4,存续,安徽省合肥市瑶海区砀山路正业大厦4层,安徽省,合肥市,瑶海区,农业,农作物种植；瓜果、蔬菜、花卉、苗木种植及销售；农业技术开发；仓储（除危险品）；农药（除高剧毒）、肥料、农用机械批发及销售；园艺技术开发；农业观光项目开发；农业技术服务；水产养殖；农副产品（除专项许可）销售（以上凡涉及许可的项目均凭许可证件经营）。,"{""company_name"": ""安徽乐满仓生态农业有限公司"", ""legal_rep"": ""骆此勇"", ""credit_code"": ""59705177-4"", ""capital"": ""2000000"", ""est_date"": ""2012-05-15"", ""status"": ""存续"", ""address"": ""安徽省合肥市瑶海区砀山路正业大厦4层"", ""id"": 5.0, ""company_type"": ""有限责任公司(自然人投资或控股)"", ""approval_date"": ""16/5/2014"", ""company_size"": ""小于50人"", ""business_scope"": ""农作物种植；瓜果、蔬菜、花卉、苗木种植及销售；农业技术开发；仓储（除危险品）；农药（除高剧毒）、肥料、农用机械批发及销售；园艺技术开发；农业观光项目开发；农业技术服务；水产养殖；农副产品（除专项许可）销售（以上凡涉及许可的项目均凭许可证件经营）。"", ""business_term"": ""2012-05-15至无固定期限"", ""source"": ""马克数据网"", ""taxpayer_id"": ""91340100597051774D"", ""reg_number"": ""340100000653821"", ""contact_phone"": ""0139-6725519;0551-64263505;0551-7381673;0551-87381673;13956988928;13966725519"", ""email"": ""595281873@qq.com|864310634@qq.com"", ""province"": ""安徽省"", ""city"": ""合肥市"", ""district"": ""瑶海区"", ""industry"": ""农业"", ""county"": ""瑶海区""}"
COMP_000006,马克数据网,安徽省好康农业科技有限公司,董慧星,2017-11-01,5000000,有限责任公司(自然人独资),340100002099307,91340100MA2Q3YLA9J,2017-11-01至无固定期限,MA2Q3YLA-9,注销,安徽省合肥市瑶海区恒大中央广场7＃商业楼101号,安徽省,合肥市,瑶海区,农业,农业技术开发及转让；谷物、薯类、油料、豆类、蔬菜、花卉、苗木、水果、坚果、茶叶的种植、采购、加工及销售；畜、禽、水产品的养殖、采购、加工及销售；中药材的种植、加工；农业观光旅游；预包装食品的批发。（依法须经批准的项目，经相关部门批准后方可开展经营活动）,"{""company_name"": ""安徽省好康农业科技有限公司"", ""legal_rep"": ""董慧星"", ""credit_code"": ""MA2Q3YLA-9"", ""capital"": ""5000000"", ""est_date"": ""2017-11-01"", ""status"": ""注销"", ""address"": ""安徽省合肥市瑶海区恒大中央广场7＃商业楼101号"", ""id"": 6.0, ""company_type"": ""有限责任公司(自然人独资)"", ""approval_date"": ""26/12/2019"", ""business_scope"": ""农业技术开发及转让；谷物、薯类、油料、豆类、蔬菜、花卉、苗木、水果、坚果、茶叶的种植、采购、加工及销售；畜、禽、水产品的养殖、采购、加工及销售；中药材的种植、加工；农业观光旅游；预包装食品的批发。（依法须经批准的项目，经相关部门批准后方可开展经营活动）"", ""business_term"": ""2017-11-01至无固定期限"", ""source"": ""马克数据网"", ""taxpayer_id"": ""91340100MA2Q3YLA9J"", ""reg_number"": ""340100002099307"", ""province"": ""安徽省"", ""city"": ""合肥市"", ""district"": ""瑶海区"", ""industry"": ""农业"", ""county"": ""瑶海区""}"
COMP_000007,马克数据网,合肥市新站区扁松岗农家果园,童兴照,2018-09-10,未知,个体工商户,340108600328533,92340100MA2T27H80P,2018-09-10至无固定期限,MA2T27H8-0,存续,合肥市新站区三十头社区五十头社居委东风组,安徽省,合肥市,瑶海区,农业,瓜果种植、采摘销售；垂钓服务；餐饮服务。（依法须经批准的项目，经相关部门批准后方可开展经营活动）,"{""company_name"": ""合肥市新站区扁松岗农家果园"", ""legal_rep"": ""童兴照"", ""credit_code"": ""MA2T27H8-0"", ""est_date"": ""2018-09-10"", ""status"": ""存续"", ""address"": ""合肥市新站区三十头社区五十头社居委东风组"", ""id"": 7.0, ""company_type"": ""个体工商户"", ""approval_date"": ""16/10/2018"", ""business_scope"": ""瓜果种植、采摘销售；垂钓服务；餐饮服务。（依法须经批准的项目，经相关部门批准后方可开展经营活动）"", ""business_term"": ""2018-09-10至无固定期限"", ""source"": ""马克数据网"", ""taxpayer_id"": ""92340100MA2T27H80P"", ""reg_number"": ""340108600328533"", ""contact_phone"": ""13956665555"", ""province"": ""安徽省"", ""city"": ""合肥市"", ""district"": ""瑶海区"", ""industry"": ""农业"", ""county"": ""新站区""}"
COMP_000008,马克数据网,合肥瑶海区史河湾稻谷服务部,江永能,2008-11-10,5000,个体工商户,340102600051084,未知,2008-11-10至无固定期限,未知,吊销，未注销,安徽省合肥市瑶海工业园磨店乡何大郢居委会史河湾村民组,安徽省,合肥市,瑶海区,农业,稻谷/服务,"{""company_name"": ""合肥瑶海区史河湾稻谷服务部"", ""legal_rep"": ""江永能"", ""capital"": ""5000"", ""est_date"": ""2008-11-10"", ""status"": ""吊销，未注销"", ""address"": ""安徽省合肥市瑶海工业园磨店乡何大郢居委会史河湾村民组"", ""id"": 8.0, ""company_type"": ""个体工商户"", ""approval_date"": ""10/12/2013"", ""business_scope"": ""稻谷/服务"", ""business_term"": ""2008-11-10至无固定期限"", ""source"": ""马克数据网"", ""reg_number"": ""340102600051084"", ""province"": ""安徽省"", ""city"": ""合肥市"", ""district"": ""瑶海区"", ""industry"": ""农业""}"
COMP_000009,马克数据网,安徽放牛娃生态农业有限公司,潘茂继,2014-04-14,10000000,有限责任公司(自然人投资或控股),340100000958674,913401000973913506,2014-04-14至无固定期限,09739135-0,吊销，未注销,合肥市瑶海区站西路君临大厦2208,安徽省,合肥市,瑶海区,农业,小黄牛销售、水产品销售、农作物种植、食用农产品销售，养殖技术和信息咨询服务。（依法须经批准的项目，经相关部门批准后方可开展经营活动）,"{""company_name"": ""安徽放牛娃生态农业有限公司"", ""legal_rep"": ""潘茂继"", ""credit_code"": ""09739135-0"", ""capital"": ""10000000"", ""est_date"": ""2014-04-14"", ""status"": ""吊销，未注销"", ""address"": ""合肥市瑶海区站西路君临大厦2208"", ""id"": 9.0, ""company_type"": ""有限责任公司(自然人投资或控股)"", ""approval_date"": ""25/1/2018"", ""business_scope"": ""小黄牛销售、水产品销售、农作物种植、食用农产品销售，养殖技术和信息咨询服务。（依法须经批准的项目，经相关部门批准后方可开展经营活动）"", ""business_term"": ""2014-04-14至无固定期限"", ""source"": ""马克数据网"", ""taxpayer_id"": ""913401000973913506"", ""reg_number"": ""340100000958674"", ""contact_phone"": ""0551-62685905"", ""email"": ""3291736700@qq.com"", ""province"": ""安徽省"", ""city"": ""合肥市"", ""district"": ""瑶海区"", ""industry"": ""农业"", ""county"": ""瑶海区""}"
COMP_000010,马克数据网,安徽圣普农业科技有限公司,陈和平,2017-04-06,100000000,有限责任公司(自然人投资或控股),340224000064650,91340225MA2NH0AD48,2017-04-06至无固定期限,MA2NH0AD-4,存续,安徽省合肥市瑶海区裕溪路228号合肥大兴周谷堆农产品物流园2幢1至2层商147/147上,安徽省,合肥市,瑶海区,农业,农业开发和技术推广；农产品种植、销售；水产养殖、销售及配送；畜禽养殖销售及配送；零售鲜冻肉类食品（猪、牛、羊、鸡、鹅、鸭畜禽动物肉产品及其分割品）；粮油、蔬菜、水果、干货调味品、预包装食品的销售；花卉、苗木种植、销售；农副产品购销及加工；旅游、休闲垂钓服务。（依法须经批准的项目，经相关部门批准后方可开展经营活动）,"{""company_name"": ""安徽圣普农业科技有限公司"", ""legal_rep"": ""陈和平"", ""credit_code"": ""MA2NH0AD-4"", ""capital"": ""100000000"", ""est_date"": ""2017-04-06"", ""status"": ""存续"", ""address"": ""安徽省合肥市瑶海区裕溪路228号合肥大兴周谷堆农产品物流园2幢1至2层商147/147上"", ""id"": 10.0, ""company_type"": ""有限责任公司(自然人投资或控股)"", ""approval_date"": ""21/6/2021"", ""business_scope"": ""农业开发和技术推广；农产品种植、销售；水产养殖、销售及配送；畜禽养殖销售及配送；零售鲜冻肉类食品（猪、牛、羊、鸡、鹅、鸭畜禽动物肉产品及其分割品）；粮油、蔬菜、水果、干货调味品、预包装食品的销售；花卉、苗木种植、销售；农副产品购销及加工；旅游、休闲垂钓服务。（依法须经批准的项目，经相关部门批准后方可开展经营活动）"", ""business_term"": ""2017-04-06至无固定期限"", ""source"": ""马克数据网"", ""taxpayer_id"": ""91340225MA2NH0AD48"", ""reg_number"": ""340224000064650"", ""contact_phone"": ""13911815538;18756963248"", ""email"": ""407521146@qq.com|soldier20252@sina.com|chenheping@vip.163.com"", ""province"": ""安徽省"", ""city"": ""合肥市"", ""district"": ""瑶海区"", ""industry"": ""农业"", ""county"": ""瑶海区""}"
COMP_000011,马克数据网,合肥正和生态农业专业合作社,刘炎忠,2011-10-11,10000000,农民专业合作社,340108NA001005X,933401005845517615,2011-10-11至无固定期限,58455176-1,存续,安徽省合肥市新站区磨店乡群治村夏小郢村民组,安徽省,合肥市,瑶海区,农业,以本社成员为主要服务对象，提供农业生产资料购买，农产品（除专项审批）销售、贮藏，苗木种植、销售以及与农业生产经营有关的技术、信息服务。,"{""company_name"": ""合肥正和生态农业专业合作社"", ""legal_rep"": ""刘炎忠"", ""credit_code"": ""58455176-1"", ""capital"": ""10000000"", ""est_date"": ""2011-10-11"", ""status"": ""存续"", ""address"": ""安徽省合肥市新站区磨店乡群治村夏小郢村民组"", ""id"": 11.0, ""company_type"": ""农民专业合作社"", ""approval_date"": ""8/11/2011"", ""business_scope"": ""以本社成员为主要服务对象，提供农业生产资料购买，农产品（除专项审批）销售、贮藏，苗木种植、销售以及与农业生产经营有关的技术、信息服务。"", ""business_term"": ""2011-10-11至无固定期限"", ""source"": ""马克数据网"", ""taxpayer_id"": ""933401005845517615"", ""reg_number"": ""340108NA001005X"", ""contact_phone"": ""0551-4248649;0551-67691528;13966684566"", ""email"": ""4248649@qq.com|1235685954@qq.com|2316209261@qq.com|619596364@qq.com"", ""province"": ""安徽省"", ""city"": ""合肥市"", ""district"": ""瑶海区"", ""industry"": ""农业"", ""county"": ""新站区""}"
COMP_000012,马克数据网,安徽怀禾生态农业开发有限公司,卢松杰,2014-03-25,10000000,有限责任公司(自然人投资或控股),340123000093716,91340122096169803R,2014-03-25至2044-03-24,09616980-3,存续,合肥市瑶海区张洼路金座嘉园3幢304室,安徽省,合肥市,瑶海区,农业,水稻、苗木、花卉、果树、蔬菜、经济作物的销售；绿色农产品的开发；现代农业技术推广；旅游项目开发；水上运动项目投资开发；观光农业开发；休闲垂钓服务；园林绿化工程、水道、水渠工程、乡村道路工程、土地平整工程的设计及施工。（依法须经批准的项目，经相关部门批准后方可开展经营活动）,"{""company_name"": ""安徽怀禾生态农业开发有限公司"", ""legal_rep"": ""卢松杰"", ""credit_code"": ""09616980-3"", ""capital"": ""10000000"", ""est_date"": ""2014-03-25"", ""status"": ""存续"", ""address"": ""合肥市瑶海区张洼路金座嘉园3幢304室"", ""id"": 12.0, ""company_type"": ""有限责任公司(自然人投资或控股)"", ""approval_date"": ""9/3/2019"", ""business_scope"": ""水稻、苗木、花卉、果树、蔬菜、经济作物的销售；绿色农产品的开发；现代农业技术推广；旅游项目开发；水上运动项目投资开发；观光农业开发；休闲垂钓服务；园林绿化工程、水道、水渠工程、乡村道路工程、土地平整工程的设计及施工。（依法须经批准的项目，经相关部门批准后方可开展经营活动）"", ""business_term"": ""2014-03-25至2044-03-24"", ""source"": ""马克数据网"", ""taxpayer_id"": ""91340122096169803R"", ""reg_number"": ""340123000093716"", ""contact_phone"": ""13033004252;13721044652"", ""email"": ""861803908@qq.com|25438875662@qq.com|2543887566@qq.com|2573887566@qq.com"", ""province"": ""安徽省"", ""city"": ""合肥市"", ""district"": ""瑶海区"", ""industry"": ""农业"", ""county"": ""瑶海区""}"
COMP_000013,马克数据网,安徽省啖源农业科技有限责任公司,江胜,2017-10-25,6000000,有限责任公司(自然人投资或控股),340100002094097,91340100MA2Q3H2D68,2017-10-25至无固定期限,MA2Q3H2D-6,存续,安徽省合肥市瑶海区龙兴苑小区7号楼106室一层、107、108室,安徽省,合肥市,瑶海区,农业,农业技术开发及转让；谷物、薯类、油料、豆类、蔬菜、花卉、苗木、水果、坚果、茶叶的种植、采购、加工及销售；畜、禽、水产品的养殖、采购、加工及销售；中药材的种植、加工；农业观光旅游；预包装食品的批发；大米分装；商务信息咨询；普通道路货物运输（除快递）。（依法须经批准的项目，经相关部门批准后方可开展经营活动）,"{""company_name"": ""安徽省啖源农业科技有限责任公司"", ""legal_rep"": ""江胜"", ""credit_code"": ""MA2Q3H2D-6"", ""capital"": ""6000000"", ""est_date"": ""2017-10-25"", ""status"": ""存续"", ""address"": ""安徽省合肥市瑶海区龙兴苑小区7号楼106室一层、107、108室"", ""id"": 14.0, ""company_type"": ""有限责任公司(自然人投资或控股)"", ""approval_date"": ""15/12/2021"", ""business_scope"": ""农业技术开发及转让；谷物、薯类、油料、豆类、蔬菜、花卉、苗木、水果、坚果、茶叶的种植、采购、加工及销售；畜、禽、水产品的养殖、采购、加工及销售；中药材的种植、加工；农业观光旅游；预包装食品的批发；大米分装；商务信息咨询；普通道路货物运输（除快递）。（依法须经批准的项目，经相关部门批准后方可开展经营活动）"", ""business_term"": ""2017-10-25至无固定期限"", ""source"": ""马克数据网"", ""taxpayer_id"": ""91340100MA2Q3H2D68"", ""reg_number"": ""340100002094097"", ""contact_phone"": ""0551-62824274;14755185200;15705694975;15955112114"", ""email"": ""2655288544@qq.com|513248951@qq.com|1271234176@qq.com|2842511753@qq.com"", ""taxpayer_qualification"": ""一般纳税人"", ""province"": ""安徽省"", ""city"": ""合肥市"", ""district"": ""瑶海区"", ""industry"": ""农业"", ""county"": ""瑶海区""}"
COMP_000014,马克数据网,合肥市瑶海区广维农业技术服务中心,夏维成,2022-05-18,未知,个体工商户,340102601561870,92340102MA8P24567U,2022-05-18至无固定期限,MA8P2456-7,存续,安徽省合肥市瑶海区大众路春江苑6栋1-113室,安徽省,合肥市,瑶海区,农业,一般项目：谷物种植；蔬菜种植；农业机械服务；农作物栽培服务；农作物收割服务；农业生产托管服务（除许可业务外，可自主依法经营法律法规非禁止或限制的项目）,"{""company_name"": ""合肥市瑶海区广维农业技术服务中心"", ""legal_rep"": ""夏维成"", ""credit_code"": ""MA8P2456-7"", ""est_date"": ""2022-05-18"", ""status"": ""存续"", ""address"": ""安徽省合肥市瑶海区大众路春江苑6栋1-113室"", ""id"": 15.0, ""company_type"": ""个体工商户"", ""approval_date"": ""18/5/2022"", ""business_scope"": ""一般项目：谷物种植；蔬菜种植；农业机械服务；农作物栽培服务；农作物收割服务；农业生产托管服务（除许可业务外，可自主依法经营法律法规非禁止或限制的项目）"", ""business_term"": ""2022-05-18至无固定期限"", ""source"": ""马克数据网"", ""taxpayer_id"": ""92340102MA8P24567U"", ""reg_number"": ""340102601561870"", ""contact_phone"": ""15656579719"", ""province"": ""安徽省"", ""city"": ""合肥市"", ""district"": ""瑶海区"", ""industry"": ""农业"", ""county"": ""瑶海区""}"
COMP_000015,马克数据网,合肥稳安生态农业专业合作社,殷宏兵,2011-12-12,2000000,农民专业合作社,340108NA001009X,933401005872305849,2011-12-12至无固定期限,58723058-4,存续,安徽省合肥市新站区磨店乡磨店村李东村民组,安徽省,合肥市,瑶海区,农业,以本社成员为主要服务对象，提供农业生产资料购买，农产品（除专项审批）销售、贮藏，苗木种植、销售以及与农业生产经营有关的技术、信息服务。,"{""company_name"": ""合肥稳安生态农业专业合作社"", ""legal_rep"": ""殷宏兵"", ""credit_code"": ""58723058-4"", ""capital"": ""2000000"", ""est_date"": ""2011-12-12"", ""status"": ""存续"", ""address"": ""安徽省合肥市新站区磨店乡磨店村李东村民组"", ""id"": 16.0, ""company_type"": ""农民专业合作社"", ""approval_date"": ""12/12/2011"", ""business_scope"": ""以本社成员为主要服务对象，提供农业生产资料购买，农产品（除专项审批）销售、贮藏，苗木种植、销售以及与农业生产经营有关的技术、信息服务。"", ""business_term"": ""2011-12-12至无固定期限"", ""source"": ""马克数据网"", ""taxpayer_id"": ""933401005872305849"", ""reg_number"": ""340108NA001009X"", ""contact_phone"": ""0551-4248649;13856079823"", ""email"": ""935546723@qq.com|13856079823@qq.com|2689592714@qq.com|13856079823@139.com|794537972@qq.com"", ""province"": ""安徽省"", ""city"": ""合肥市"", ""district"": ""瑶海区"", ""industry"": ""农业"", ""county"": ""新站区""}"
COMP_000016,马克数据网,合肥林梅生态农业专业合作社,张林梅,2012-01-17,2000000,农民专业合作社,340108NA001011X,933401005901577281,2012-01-17至无固定期限,59015772-8,存续,安徽省合肥市新站区磨店乡磨店村沙中村民组,安徽省,合肥市,瑶海区,农业,以本社成员为主要服务对象，提供农业生产资料购买，农产品（除专项审批）销售、贮藏，苗木种植、销售以及与农业生产经营有关的技术、信息服务。,"{""company_name"": ""合肥林梅生态农业专业合作社"", ""legal_rep"": ""张林梅"", ""credit_code"": ""59015772-8"", ""capital"": ""2000000"", ""est_date"": ""2012-01-17"", ""status"": ""存续"", ""address"": ""安徽省合肥市新站区磨店乡磨店村沙中村民组"", ""id"": 17.0, ""company_type"": ""农民专业合作社"", ""approval_date"": ""10/4/2012"", ""company_size"": ""小于50人"", ""business_scope"": ""以本社成员为主要服务对象，提供农业生产资料购买，农产品（除专项审批）销售、贮藏，苗木种植、销售以及与农业生产经营有关的技术、信息服务。"", ""business_term"": ""2012-01-17至无固定期限"", ""source"": ""马克数据网"", ""taxpayer_id"": ""933401005901577281"", ""reg_number"": ""340108NA001011X"", ""contact_phone"": ""0551-4248649;13965051968;18226653337"", ""email"": ""1235685954@qq.com|478914813@qq.com"", ""province"": ""安徽省"", ""city"": ""合肥市"", ""district"": ""瑶海区"", ""industry"": ""农业"", ""county"": ""新站区""}"
COMP_000017,马克数据网,合肥民合生态农业专业合作社,万民合,2012-05-28,1500000,农民专业合作社,340108NA001013X,93340100051474337Y,2012-05-28至无固定期限,05147433-7,注销,安徽省合肥市新站区磨店乡会棚村葛小郢,安徽省,合肥市,瑶海区,农业,以本社成员为主要服务对象，提供农业生产资料购买，农产品（除专项审批）销售、贮藏，苗木种植、销售以及与农业生产经营、园林绿化有关的技术、信息服务。,"{""company_name"": ""合肥民合生态农业专业合作社"", ""legal_rep"": ""万民合"", ""credit_code"": ""05147433-7"", ""capital"": ""1500000"", ""est_date"": ""2012-05-28"", ""status"": ""注销"", ""address"": ""安徽省合肥市新站区磨店乡会棚村葛小郢"", ""id"": 18.0, ""company_type"": ""农民专业合作社"", ""approval_date"": ""29/3/2021"", ""company_size"": ""小于50人"", ""business_scope"": ""以本社成员为主要服务对象，提供农业生产资料购买，农产品（除专项审批）销售、贮藏，苗木种植、销售以及与农业生产经营、园林绿化有关的技术、信息服务。"", ""business_term"": ""2012-05-28至无固定期限"", ""source"": ""马克数据网"", ""taxpayer_id"": ""93340100051474337Y"", ""reg_number"": ""340108NA001013X"", ""contact_phone"": ""0551-4248649;15222910800"", ""email"": ""1235685954@qq.com|1025559168@qq.com|1025559168@qq.vom|abcxyz@baidu.com|15222910800@139.com"", ""province"": ""安徽省"", ""city"": ""合肥市"", ""district"": ""瑶海区"", ""industry"": ""农业"", ""county"": ""新站区""}"
COMP_000018,马克数据网,合肥市华联农业科技开发有限公司,沈业宏,2002-09-09,2000000,有限责任公司(自然人投资或控股),340100000033982,91340100743058350E,2002-09-09至2032-12-31,74305835-0,存续,安徽省合肥市瑶海区和县路新安江花园4栋102室,安徽省,合肥市,瑶海区,农业,农作物育种与研究；农业科技开发、咨询服务；主要农作物常规种子、非主要农作物种子生产、销售（在许可证有效期内经营）；农副产品（除粮油）销售；食用菌及其菌种的销售。,"{""company_name"": ""合肥市华联农业科技开发有限公司"", ""legal_rep"": ""沈业宏"", ""credit_code"": ""74305835-0"", ""capital"": ""2000000"", ""est_date"": ""2002-09-09"", ""status"": ""存续"", ""address"": ""安徽省合肥市瑶海区和县路新安江花园4栋102室"", ""id"": 19.0, ""company_type"": ""有限责任公司(自然人投资或控股)"", ""approval_date"": ""7/7/2016"", ""company_size"": ""小于50人"", ""business_scope"": ""农作物育种与研究；农业科技开发、咨询服务；主要农作物常规种子、非主要农作物种子生产、销售（在许可证有效期内经营）；农副产品（除粮油）销售；食用菌及其菌种的销售。"", ""business_term"": ""2002-09-09至2032-12-31"", ""source"": ""马克数据网"", ""taxpayer_id"": ""91340100743058350E"", ""reg_number"": ""340100000033982"", ""contact_phone"": ""0551-64419507"", ""email"": ""hlny-127@163.com|hlny_127@163.com"", ""taxpayer_qualification"": ""一般纳税人"", ""province"": ""安徽省"", ""city"": ""合肥市"", ""district"": ""瑶海区"", ""website_link"": ""www.hfhlny.com"", ""industry"": ""农业"", ""county"": ""瑶海区""}"
COMP_000019,马克数据网,安徽荒草圩生态农业有限公司合肥分公司,李伟,2014-08-15,未知,有限责任公司分公司(自然人投资或控股),340100001060934,91340100MA8L80M63A,2014-08-15至无固定期限,MA8L80M6-3,注销,合肥市瑶海区来安家园2幢2501室,安徽省,合肥市,瑶海区,农业,农作物销售（除专项许可）。,"{""company_name"": ""安徽荒草圩生态农业有限公司合肥分公司"", ""legal_rep"": ""李伟"", ""credit_code"": ""MA8L80M6-3"", ""est_date"": ""2014-08-15"", ""status"": ""注销"", ""address"": ""合肥市瑶海区来安家园2幢2501室"", ""id"": 20.0, ""company_type"": ""有限责任公司分公司(自然人投资或控股)"", ""approval_date"": ""10/9/2014"", ""business_scope"": ""农作物销售（除专项许可）。"", ""business_term"": ""2014-08-15至无固定期限"", ""source"": ""马克数据网"", ""taxpayer_id"": ""91340100MA8L80M63A"", ""reg_number"": ""340100001060934"", ""province"": ""安徽省"", ""city"": ""合肥市"", ""district"": ""瑶海区"", ""industry"": ""农业"", ""county"": ""瑶海区""}"
COMP_000020,马克数据网,合肥珍峰生态农业专业合作社,陶云峰,2012-02-10,2000000,农民专业合作社,340108NA001012X,93340100590185913L,2012-02-10至无固定期限,59018591-3,存续,安徽省合肥市新站区磨店乡喻岗村卫庄队,安徽省,合肥市,瑶海区,农业,以本社成员为主要服务对象，提供农业生产资料购买，农产品（除专项审批）销售、贮藏，苗木种植、销售以及与农业生产经营有关的技术、信息服务。,"{""company_name"": ""合肥珍峰生态农业专业合作社"", ""legal_rep"": ""陶云峰"", ""credit_code"": ""59018591-3"", ""capital"": ""2000000"", ""est_date"": ""2012-02-10"", ""status"": ""存续"", ""address"": ""安徽省合肥市新站区磨店乡喻岗村卫庄队"", ""id"": 21.0, ""company_type"": ""农民专业合作社"", ""approval_date"": ""10/2/2012"", ""business_scope"": ""以本社成员为主要服务对象，提供农业生产资料购买，农产品（除专项审批）销售、贮藏，苗木种植、销售以及与农业生产经营有关的技术、信息服务。"", ""business_term"": ""2012-02-10至无固定期限"", ""source"": ""马克数据网"", ""taxpayer_id"": ""93340100590185913L"", ""reg_number"": ""340108NA001012X"", ""contact_phone"": ""0551-67698288;13515606173"", ""email"": ""2636969803@qq.com|3252183986@qq.com|1551230497@qq.com"", ""province"": ""安徽省"", ""city"": ""合肥市"", ""district"": ""瑶海区"", ""industry"": ""农业"", ""county"": ""新站区""}"
COMP_000021,马克数据网,合肥三义园林有限责任公司,朱华东,2006-11-28,300000,有限责任公司(自然人投资或控股),3401002033261,91340100MA2X5GDG5U,2006-11-28至2036-12-31,MA2X5GDG-5,吊销,安徽省合肥市铜陵路326号,安徽省,合肥市,瑶海区,农业,园林规划、设计、施工；花卉、苗木种植、销售。,"{""company_name"": ""合肥三义园林有限责任公司"", ""legal_rep"": ""朱华东"", ""credit_code"": ""MA2X5GDG-5"", ""capital"": ""300000"", ""est_date"": ""2006-11-28"", ""status"": ""吊销"", ""address"": ""安徽省合肥市铜陵路326号"", ""id"": 22.0, ""company_type"": ""有限责任公司(自然人投资或控股)"", ""approval_date"": ""1/12/2009"", ""business_scope"": ""园林规划、设计、施工；花卉、苗木种植、销售。"", ""business_term"": ""2006-11-28至2036-12-31"", ""source"": ""马克数据网"", ""taxpayer_id"": ""91340100MA2X5GDG5U"", ""reg_number"": ""3401002033261"", ""province"": ""安徽省"", ""city"": ""合肥市"", ""district"": ""瑶海区"", ""industry"": ""农业""}"
COMP_000022,马克数据网,合肥瑶海区光荫里花卉经营部,王兰,2016-11-28,100000,个体工商户,340102600640549,92340102MA2N49X83M,2016-11-28至无固定期限,MA2N49X8-3,存续,合肥市瑶海区长江东路1137号安徽圣大国际商贸中心5-1010室,安徽省,合肥市,瑶海区,农业,花卉、预包装食品、礼品销售（依法须经批准的项目，经相关部门批准后方可开展经营活动）。,"{""company_name"": ""合肥瑶海区光荫里花卉经营部"", ""legal_rep"": ""王兰"", ""credit_code"": ""MA2N49X8-3"", ""capital"": ""100000"", ""est_date"": ""2016-11-28"", ""status"": ""存续"", ""address"": ""合肥市瑶海区长江东路1137号安徽圣大国际商贸中心5-1010室"", ""id"": 23.0, ""company_type"": ""个体工商户"", ""approval_date"": ""28/11/2016"", ""business_scope"": ""花卉、预包装食品、礼品销售（依法须经批准的项目，经相关部门批准后方可开展经营活动）。"", ""business_term"": ""2016-11-28至无固定期限"", ""source"": ""马克数据网"", ""taxpayer_id"": ""92340102MA2N49X83M"", ""reg_number"": ""340102600640549"", ""contact_phone"": ""18605650710"", ""province"": ""安徽省"", ""city"": ""合肥市"", ""district"": ""瑶海区"", ""industry"": ""农业"", ""county"": ""瑶海区""}"
COMP_000023,马克数据网,合肥市瑶海区瑶雨花店,柏冬梅,2019-09-10,未知,个体工商户,340102601026081,92340102MA2U3KKH5R,未知,MA2U3KKH5,注销,合肥市瑶海区长淮街道长淮新村17栋303,安徽省,合肥市,瑶海区,农业,鲜花、绿植销售。（依法须经批准的项目，经相关部门批准后方可开展经营活动）,"{""company_name"": ""合肥市瑶海区瑶雨花店"", ""legal_rep"": ""柏冬梅"", ""credit_code"": ""MA2U3KKH5"", ""est_date"": ""2019-09-10"", ""status"": ""注销"", ""address"": ""合肥市瑶海区长淮街道长淮新村17栋303"", ""id"": 24.0, ""company_type"": ""个体工商户"", ""approval_date"": ""9/12/2021"", ""business_scope"": ""鲜花、绿植销售。（依法须经批准的项目，经相关部门批准后方可开展经营活动）"", ""source"": ""马克数据网"", ""taxpayer_id"": ""92340102MA2U3KKH5R"", ""reg_number"": ""340102601026081"", ""contact_phone"": ""18156017833"", ""province"": ""安徽省"", ""city"": ""合肥市"", ""district"": ""瑶海区"", ""industry"": ""农业"", ""county"": ""瑶海区""}"
COMP_000024,马克数据网,安徽福照财农产品商贸有限公司,许得才,2018-01-23,5000000,有限责任公司(自然人投资或控股),340102000057885,91340102MA2RG7JC0B,2018-01-23至无固定期限,MA2RG7JC-0,存续,安徽省合肥市瑶海区周谷堆大兴农产品物流园蔬菜交易中心山芋山药区38号仓铺,安徽省,合肥市,瑶海区,农业,蔬菜、水果及坚果、农副产品销售。（依法须经批准的项目，经相关部门批准后方可开展经营活动）,"{""company_name"": ""安徽福照财农产品商贸有限公司"", ""legal_rep"": ""许得才"", ""credit_code"": ""MA2RG7JC-0"", ""capital"": ""5000000"", ""est_date"": ""2018-01-23"", ""status"": ""存续"", ""address"": ""安徽省合肥市瑶海区周谷堆大兴农产品物流园蔬菜交易中心山芋山药区38号仓铺"", ""id"": 25.0, ""company_type"": ""有限责任公司(自然人投资或控股)"", ""approval_date"": ""23/1/2018"", ""business_scope"": ""蔬菜、水果及坚果、农副产品销售。（依法须经批准的项目，经相关部门批准后方可开展经营活动）"", ""business_term"": ""2018-01-23至无固定期限"", ""source"": ""马克数据网"", ""taxpayer_id"": ""91340102MA2RG7JC0B"", ""reg_number"": ""340102000057885"", ""contact_phone"": ""13956958778;18133604289"", ""email"": ""231423425@139.com|2438103794@qq.com"", ""province"": ""安徽省"", ""city"": ""合肥市"", ""district"": ""瑶海区"", ""industry"": ""农业"", ""county"": ""瑶海区""}"
COMP_000025,马克数据网,安徽龘龘果品有限公司隆岗店,张燕,2018-09-14,未知,有限责任公司分公司(自然人投资或控股),340102000126307,91340102MA2T2NJ367,2018-09-14至无固定期限,MA2T2NJ3-6,存续,安徽省合肥市瑶海区合裕路1247号1幢一楼,安徽省,合肥市,瑶海区,农业,水果、农副产品、工艺礼品收购、批发、零售及配送服务；水果种植；果树培育；水果分装及包装、收购及销售；预包装食品销售；自营或代理各类商品和技术的进出口业务（国家限定企业经营禁止进出口的商品和技术除外）。（依法须经批准的项目，经相关部门批准后方可开展经营活动）,"{""company_name"": ""安徽龘龘果品有限公司隆岗店"", ""legal_rep"": ""张燕"", ""credit_code"": ""MA2T2NJ3-6"", ""est_date"": ""2018-09-14"", ""status"": ""存续"", ""address"": ""安徽省合肥市瑶海区合裕路1247号1幢一楼"", ""id"": 26.0, ""company_type"": ""有限责任公司分公司(自然人投资或控股)"", ""approval_date"": ""19/11/2018"", ""business_scope"": ""水果、农副产品、工艺礼品收购、批发、零售及配送服务；水果种植；果树培育；水果分装及包装、收购及销售；预包装食品销售；自营或代理各类商品和技术的进出口业务（国家限定企业经营禁止进出口的商品和技术除外）。（依法须经批准的项目，经相关部门批准后方可开展经营活动）"", ""business_term"": ""2018-09-14至无固定期限"", ""source"": ""马克数据网"", ""taxpayer_id"": ""91340102MA2T2NJ367"", ""reg_number"": ""340102000126307"", ""contact_phone"": ""15905696888;17505517650"", ""email"": ""995795176@qq.com"", ""province"": ""安徽省"", ""city"": ""合肥市"", ""district"": ""瑶海区"", ""industry"": ""农业"", ""county"": ""瑶海区""}"
COMP_000026,马克数据网,合肥泽禾农业发展有限公司,唐军,2022-12-12,2000000,有限责任公司(自然人投资或控股),未知,91340102MA8PTKE22L,2022-12-12至无固定期限,MA8PTKE2-2,存续,安徽省合肥市瑶海区百大周谷堆粮油区C十八栋十一号,安徽省,合肥市,瑶海区,农业,一般项目：蔬菜种植；新鲜蔬菜零售；新鲜水果零售；鲜肉零售；食用农产品零售；食用农产品批发；农副产品销售（除许可业务外，可自主依法经营法律法规非禁止或限制的项目）,"{""company_name"": ""合肥泽禾农业发展有限公司"", ""legal_rep"": ""唐军"", ""credit_code"": ""MA8PTKE2-2"", ""capital"": ""2000000"", ""est_date"": ""2022-12-12"", ""status"": ""存续"", ""address"": ""安徽省合肥市瑶海区百大周谷堆粮油区C十八栋十一号"", ""id"": 27.0, ""company_type"": ""有限责任公司(自然人投资或控股)"", ""approval_date"": ""12/12/2022"", ""business_scope"": ""一般项目：蔬菜种植；新鲜蔬菜零售；新鲜水果零售；鲜肉零售；食用农产品零售；食用农产品批发；农副产品销售（除许可业务外，可自主依法经营法律法规非禁止或限制的项目）"", ""business_term"": ""2022-12-12至无固定期限"", ""source"": ""马克数据网"", ""taxpayer_id"": ""91340102MA8PTKE22L"", ""contact_phone"": ""18955156830"", ""email"": ""18955156830@qq.com"", ""province"": ""安徽省"", ""city"": ""合肥市"", ""district"": ""瑶海区"", ""industry"": ""农业"", ""county"": ""瑶海区""}"
COMP_000027,马克数据网,合肥市瑶海区穆诗雨的盆景店,穆诗雨,2021-07-13,未知,个体工商户,340102601371543,92340102MA8N0D5J51,2021-07-13至无固定期限,MA8N0D5J-5,存续,合肥市瑶海区明光路街道裕丰花鸟市场古玩城1-8,安徽省,合肥市,瑶海区,农业,一般项目：工艺美术品及收藏品零售（象牙及其制品除外）；园艺产品销售；礼品花卉销售；工艺美术品及礼仪用品销售（象牙及其制品除外）（除许可业务外，可自主依法经营法律法规非禁止或限制的项目）（依法须经批准的项目，经相关部门批准后方可开展经营活动）,"{""company_name"": ""合肥市瑶海区穆诗雨的盆景店"", ""legal_rep"": ""穆诗雨"", ""credit_code"": ""MA8N0D5J-5"", ""est_date"": ""2021-07-13"", ""status"": ""存续"", ""address"": ""合肥市瑶海区明光路街道裕丰花鸟市场古玩城1-8"", ""id"": 28.0, ""company_type"": ""个体工商户"", ""approval_date"": ""13/7/2021"", ""business_scope"": ""一般项目：工艺美术品及收藏品零售（象牙及其制品除外）；园艺产品销售；礼品花卉销售；工艺美术品及礼仪用品销售（象牙及其制品除外）（除许可业务外，可自主依法经营法律法规非禁止或限制的项目）（依法须经批准的项目，经相关部门批准后方可开展经营活动）"", ""business_term"": ""2021-07-13至无固定期限"", ""source"": ""马克数据网"", ""taxpayer_id"": ""92340102MA8N0D5J51"", ""reg_number"": ""340102601371543"", ""province"": ""安徽省"", ""city"": ""合肥市"", ""district"": ""瑶海区"", ""industry"": ""农业"", ""county"": ""瑶海区""}"
COMP_000028,马克数据网,合肥朱山观光农业有限责任公司,彭克龙,2017-10-27,3000000,有限责任公司(自然人投资或控股),340108000185804,91340100MA2Q3J0P7H,2017-10-27至2047-10-26,MA2Q3J0P-7,存续,合肥市新站区瑶海社区三合村朱西组,安徽省,合肥市,瑶海区,农业,蔬果、苗木、花卉种植；观光农业服务。（依法须经批准的项目，经相关部门批准后方可开展经营活动）,"{""company_name"": ""合肥朱山观光农业有限责任公司"", ""legal_rep"": ""彭克龙"", ""credit_code"": ""MA2Q3J0P-7"", ""capital"": ""3000000"", ""est_date"": ""2017-10-27"", ""status"": ""存续"", ""address"": ""合肥市新站区瑶海社区三合村朱西组"", ""id"": 29.0, ""company_type"": ""有限责任公司(自然人投资或控股)"", ""approval_date"": ""27/10/2017"", ""business_scope"": ""蔬果、苗木、花卉种植；观光农业服务。（依法须经批准的项目，经相关部门批准后方可开展经营活动）"", ""business_term"": ""2017-10-27至2047-10-26"", ""source"": ""马克数据网"", ""taxpayer_id"": ""91340100MA2Q3J0P7H"", ""reg_number"": ""340108000185804"", ""contact_phone"": ""13956000032"", ""email"": ""13956000032@163.com"", ""province"": ""安徽省"", ""city"": ""合肥市"", ""district"": ""瑶海区"", ""industry"": ""农业"", ""county"": ""新站区""}"
COMP_000029,马克数据网,合肥市瑶海区时草令中药材销售经营部,樊远近,2023-04-04,未知,个体工商户,340102601780116,92340102MA8Q9GAT9J,2023-04-04至无固定期限,MA8Q9GAT-9,存续,安徽省合肥市瑶海区站前路中绿广场二期商办a704室,安徽省,合肥市,瑶海区,农业,一般项目：地产中草药(不含中药饮片）购销；互联网销售（除销售需要许可的商品）；食品互联网销售（仅销售预包装食品）；农副产品销售；初级农产品收购；食用农产品初加工；特殊医学用途配方食品销售；保健食品（预包装）销售；中医养生保健服务（非医疗）；食用农产品零售；谷物销售；食用农产品批发（除许可业务外，可自主依法经营法律法规非禁止或限制的项目）,"{""company_name"": ""合肥市瑶海区时草令中药材销售经营部"", ""legal_rep"": ""樊远近"", ""credit_code"": ""MA8Q9GAT-9"", ""est_date"": ""2023-04-04"", ""status"": ""存续"", ""address"": ""安徽省合肥市瑶海区站前路中绿广场二期商办a704室"", ""id"": 30.0, ""company_type"": ""个体工商户"", ""approval_date"": ""4/4/2023"", ""business_scope"": ""一般项目：地产中草药(不含中药饮片）购销；互联网销售（除销售需要许可的商品）；食品互联网销售（仅销售预包装食品）；农副产品销售；初级农产品收购；食用农产品初加工；特殊医学用途配方食品销售；保健食品（预包装）销售；中医养生保健服务（非医疗）；食用农产品零售；谷物销售；食用农产品批发（除许可业务外，可自主依法经营法律法规非禁止或限制的项目）"", ""business_term"": ""2023-04-04至无固定期限"", ""source"": ""马克数据网"", ""taxpayer_id"": ""92340102MA8Q9GAT9J"", ""reg_number"": ""340102601780116"", ""province"": ""安徽省"", ""city"": ""合肥市"", ""district"": ""瑶海区"", ""industry"": ""农业"", ""county"": ""瑶海区""}"
COMP_000030,马克数据网,合肥市瑶海区西梅鲜花店,彭浩然,2022-05-19,未知,个体工商户,340102601562557,92340102MA8P29LE8G,2022-05-19至无固定期限,MA8P29LE-8,存续,安徽省合肥市瑶海区张集路大兴新居C区7号商101室,安徽省,合肥市,瑶海区,农业,一般项目：礼品花卉销售（除许可业务外，可自主依法经营法律法规非禁止或限制的项目）,"{""company_name"": ""合肥市瑶海区西梅鲜花店"", ""legal_rep"": ""彭浩然"", ""credit_code"": ""MA8P29LE-8"", ""est_date"": ""2022-05-19"", ""status"": ""存续"", ""address"": ""安徽省合肥市瑶海区张集路大兴新居C区7号商101室"", ""id"": 31.0, ""company_type"": ""个体工商户"", ""approval_date"": ""19/5/2022"", ""business_scope"": ""一般项目：礼品花卉销售（除许可业务外，可自主依法经营法律法规非禁止或限制的项目）"", ""business_term"": ""2022-05-19至无固定期限"", ""source"": ""马克数据网"", ""taxpayer_id"": ""92340102MA8P29LE8G"", ""reg_number"": ""340102601562557"", ""province"": ""安徽省"", ""city"": ""合肥市"", ""district"": ""瑶海区"", ""industry"": ""农业"", ""county"": ""瑶海区""}"
COMP_000031,马克数据网,陕西沣渭园林有限公司安徽分公司,王家西,2016-03-08,未知,有限责任公司分公司(自然人投资或控股),340100001520383,91340100MA2MTLJK0N,2016-03-08至无固定期限,MA2MTLJK-0,注销,合肥市瑶海区和平路城市绿苑（东区）6幢607室,安徽省,合肥市,瑶海区,农业,在总公司授权范围内经营。（依法须经批准的项目，经相关部门批准后方可开展经营活动）,"{""company_name"": ""陕西沣渭园林有限公司安徽分公司"", ""legal_rep"": ""王家西"", ""credit_code"": ""MA2MTLJK-0"", ""est_date"": ""2016-03-08"", ""status"": ""注销"", ""address"": ""合肥市瑶海区和平路城市绿苑（东区）6幢607室"", ""id"": 32.0, ""company_type"": ""有限责任公司分公司(自然人投资或控股)"", ""approval_date"": ""21/7/2017"", ""business_scope"": ""在总公司授权范围内经营。（依法须经批准的项目，经相关部门批准后方可开展经营活动）"", ""business_term"": ""2016-03-08至无固定期限"", ""source"": ""马克数据网"", ""taxpayer_id"": ""91340100MA2MTLJK0N"", ""reg_number"": ""340100001520383"", ""province"": ""安徽省"", ""city"": ""合肥市"", ""district"": ""瑶海区"", ""industry"": ""农业"", ""county"": ""瑶海区""}"
COMP_000032,马克数据网,安徽甘垦农业科技有限公司,胡珍珍,2021-04-20,5000000,有限责任公司(自然人独资),340102000421555,91340102MA8L8P2PXK,2021-04-20至无固定期限,MA8L8P2P-X,存续,安徽省合肥市瑶海区天长路57号藏龙阁3幢202室,安徽省,合肥市,瑶海区,农业,一般项目：与农业生产经营有关的技术、信息、设施建设运营等服务；谷物种植；蔬菜种植；豆类种植；薯类种植；棉花种植；食用菌种植；花卉种植；油料种植；水生植物种植；园艺产品种植；水果种植；中草药种植；树木种植经营；水产品批发；水产品零售；农业机械销售；农业机械租赁；智能农业管理；农业园艺服务；农业机械服务；农业生产托管服务；农作物收割服务；肥料销售；化肥销售；农产品的生产、销售、加工、运输、贮藏及其他相关服务（除许可业务外，可自主依法经营法律法规非禁止或限制的项目）许可项目：动物饲养；水产养殖（依法须经批准的项目，经相关部门批准后方可开展经营活动，具体经营项目以相关部门批准文件或许可证件为准）,"{""company_name"": ""安徽甘垦农业科技有限公司"", ""legal_rep"": ""胡珍珍"", ""credit_code"": ""MA8L8P2P-X"", ""capital"": ""5000000"", ""est_date"": ""2021-04-20"", ""status"": ""存续"", ""address"": ""安徽省合肥市瑶海区天长路57号藏龙阁3幢202室"", ""id"": 33.0, ""company_type"": ""有限责任公司(自然人独资)"", ""approval_date"": ""18/1/2023"", ""business_scope"": ""一般项目：与农业生产经营有关的技术、信息、设施建设运营等服务；谷物种植；蔬菜种植；豆类种植；薯类种植；棉花种植；食用菌种植；花卉种植；油料种植；水生植物种植；园艺产品种植；水果种植；中草药种植；树木种植经营；水产品批发；水产品零售；农业机械销售；农业机械租赁；智能农业管理；农业园艺服务；农业机械服务；农业生产托管服务；农作物收割服务；肥料销售；化肥销售；农产品的生产、销售、加工、运输、贮藏及其他相关服务（除许可业务外，可自主依法经营法律法规非禁止或限制的项目）许可项目：动物饲养；水产养殖（依法须经批准的项目，经相关部门批准后方可开展经营活动，具体经营项目以相关部门批准文件或许可证件为准）"", ""business_term"": ""2021-04-20至无固定期限"", ""source"": ""马克数据网"", ""taxpayer_id"": ""91340102MA8L8P2PXK"", ""reg_number"": ""340102000421555"", ""contact_phone"": ""13865910983;17895514253"", ""email"": ""373822201@qq.com|17895514253@qq.com"", ""province"": ""安徽省"", ""city"": ""合肥市"", ""district"": ""瑶海区"", ""industry"": ""农业"", ""county"": ""瑶海区""}"
COMP_000033,马克数据网,合肥市瑶海区沈万三菌菇商行,沈玉梅,2020-06-02,未知,个体工商户,340102601147180,92340102MA2UUM8N09,未知,MA2UUM8N0,注销,安徽省合肥市瑶海区和平路周谷堆大兴农产品国际物流园内蔬菜区交易中心A12幢14＃仓铺,安徽省,合肥市,瑶海区,农业,食用菌菇批发、零售。（依法须经批准的项目，经相关部门批准后方可开展经营活动）,"{""company_name"": ""合肥市瑶海区沈万三菌菇商行"", ""legal_rep"": ""沈玉梅"", ""credit_code"": ""MA2UUM8N0"", ""est_date"": ""2020-06-02"", ""status"": ""注销"", ""address"": ""安徽省合肥市瑶海区和平路周谷堆大兴农产品国际物流园内蔬菜区交易中心A12幢14＃仓铺"", ""id"": 34.0, ""company_type"": ""个体工商户"", ""approval_date"": ""3/6/2020"", ""business_scope"": ""食用菌菇批发、零售。（依法须经批准的项目，经相关部门批准后方可开展经营活动）"", ""source"": ""马克数据网"", ""taxpayer_id"": ""92340102MA2UUM8N09"", ""reg_number"": ""340102601147180"", ""province"": ""安徽省"", ""city"": ""合肥市"", ""district"": ""瑶海区"", ""industry"": ""农业"", ""county"": ""瑶海区""}"
COMP_000034,马克数据网,合肥苗渠农业发展有限公司,李玉杰,2023-01-18,1000000,有限责任公司（自然人投资或控股的法人独资）,未知,91340102MA8PXJP3XC,2023-01-18至无固定期限,MA8PXJP3-X,存续,安徽省合肥市瑶海区丰乐亭路名门皇马A2栋201室,安徽省,合肥市,瑶海区,农业,一般项目：蔬菜种植；花卉种植；园艺产品种植；智能农业管理；农业生产托管服务；与农业生产经营有关的技术、信息、设施建设运营等服务；农业园艺服务；农业科学研究和试验发展；农业面源和重金属污染防治技术服务；农副产品销售；互联网销售（除销售需要许可的商品）（除许可业务外，可自主依法经营法律法规非禁止或限制的项目）,"{""company_name"": ""合肥苗渠农业发展有限公司"", ""legal_rep"": ""李玉杰"", ""credit_code"": ""MA8PXJP3-X"", ""capital"": ""1000000"", ""est_date"": ""2023-01-18"", ""status"": ""存续"", ""address"": ""安徽省合肥市瑶海区丰乐亭路名门皇马A2栋201室"", ""id"": 35.0, ""company_type"": ""有限责任公司（自然人投资或控股的法人独资）"", ""approval_date"": ""18/1/2023"", ""business_scope"": ""一般项目：蔬菜种植；花卉种植；园艺产品种植；智能农业管理；农业生产托管服务；与农业生产经营有关的技术、信息、设施建设运营等服务；农业园艺服务；农业科学研究和试验发展；农业面源和重金属污染防治技术服务；农副产品销售；互联网销售（除销售需要许可的商品）（除许可业务外，可自主依法经营法律法规非禁止或限制的项目）"", ""business_term"": ""2023-01-18至无固定期限"", ""source"": ""马克数据网"", ""taxpayer_id"": ""91340102MA8PXJP3XC"", ""province"": ""安徽省"", ""city"": ""合肥市"", ""district"": ""瑶海区"", ""industry"": ""农业"", ""county"": ""瑶海区""}"
COMP_000035,马克数据网,合肥市富园花卉有限公司,焦长剑,2012-12-18,100000,有限责任公司(自然人独资),340108000105543,913401000652015165,2012-12-18至无固定期限,06520151-6,存续,合肥市新站区三十头社区四十头村四春路6号,安徽省,合肥市,瑶海区,农业,一般项目：花卉种植；礼品花卉销售；建筑用木料及木材组件加工；园区管理服务；信息咨询服务（不含许可类信息咨询服务）；普通货物仓储服务（不含危险化学品等需许可审批的项目）；仓储设备租赁服务；非居住房地产租赁；技术服务、技术开发、技术咨询、技术交流、技术转让、技术推广；门窗制造加工；建筑装饰、水暖管道零件及其他建筑用金属制品制造（除许可业务外，可自主依法经营法律法规非禁止或限制的项目）,"{""company_name"": ""合肥市富园花卉有限公司"", ""legal_rep"": ""焦长剑"", ""credit_code"": ""06520151-6"", ""capital"": ""100000"", ""est_date"": ""2012-12-18"", ""status"": ""存续"", ""address"": ""合肥市新站区三十头社区四十头村四春路6号"", ""id"": 36.0, ""company_type"": ""有限责任公司(自然人独资)"", ""approval_date"": ""22/3/2023"", ""business_scope"": ""一般项目：花卉种植；礼品花卉销售；建筑用木料及木材组件加工；园区管理服务；信息咨询服务（不含许可类信息咨询服务）；普通货物仓储服务（不含危险化学品等需许可审批的项目）；仓储设备租赁服务；非居住房地产租赁；技术服务、技术开发、技术咨询、技术交流、技术转让、技术推广；门窗制造加工；建筑装饰、水暖管道零件及其他建筑用金属制品制造（除许可业务外，可自主依法经营法律法规非禁止或限制的项目）"", ""business_term"": ""2012-12-18至无固定期限"", ""source"": ""马克数据网"", ""taxpayer_id"": ""913401000652015165"", ""reg_number"": ""340108000105543"", ""contact_phone"": ""13855108739;17354158220"", ""email"": ""1875934920@qq.com|13855108739@qq.com|13761585@qq.com"", ""province"": ""安徽省"", ""city"": ""合肥市"", ""district"": ""瑶海区"", ""industry"": ""农业"", ""county"": ""新站区""}"
COMP_000036,马克数据网,合肥市姚氏花卉有限公司,姚红俊,2006-08-28,1000000,有限责任公司(自然人投资或控股),3401002031614,91340100MA2XA38JXL,2006-08-28至2036-08-10,MA2XA38J-X,吊销,安徽省合肥市蚌埠路34号楼203室,安徽省,合肥市,瑶海区,林业,花卉苗木盆景生产、销售，园林景观设计、施工、养护咨询服务。,"{""company_name"": ""合肥市姚氏花卉有限公司"", ""legal_rep"": ""姚红俊"", ""credit_code"": ""MA2XA38J-X"", ""capital"": ""1000000"", ""est_date"": ""2006-08-28"", ""status"": ""吊销"", ""address"": ""安徽省合肥市蚌埠路34号楼203室"", ""id"": 37.0, ""company_type"": ""有限责任公司(自然人投资或控股)"", ""approval_date"": ""21/12/2008"", ""business_scope"": ""花卉苗木盆景生产、销售，园林景观设计、施工、养护咨询服务。"", ""business_term"": ""2006-08-28至2036-08-10"", ""source"": ""马克数据网"", ""taxpayer_id"": ""91340100MA2XA38JXL"", ""reg_number"": ""3401002031614"", ""province"": ""安徽省"", ""city"": ""合肥市"", ""district"": ""瑶海区"", ""industry"": ""林业""}"
COMP_000037,马克数据网,合肥彦青生态农业专业合作社,朱彦青,2011-05-24,10000000,农民专业合作社,340108NA001002X,93340100MA2N1EBG6X,2011-05-24至无固定期限,MA2N1EBG-6,存续,安徽省合肥市新站区磨店乡于湾村全中村民组,安徽省,合肥市,瑶海区,农业,以本社成员为主要服务对象，提供农业生产资料购买，农产品（除专项审批）销售、加工、贮藏以及与农业生产经营有关的技术、信息服务。,"{""company_name"": ""合肥彦青生态农业专业合作社"", ""legal_rep"": ""朱彦青"", ""credit_code"": ""MA2N1EBG-6"", ""capital"": ""10000000"", ""est_date"": ""2011-05-24"", ""status"": ""存续"", ""address"": ""安徽省合肥市新站区磨店乡于湾村全中村民组"", ""id"": 38.0, ""company_type"": ""农民专业合作社"", ""approval_date"": ""4/6/2015"", ""company_size"": ""小于50人"", ""business_scope"": ""以本社成员为主要服务对象，提供农业生产资料购买，农产品（除专项审批）销售、加工、贮藏以及与农业生产经营有关的技术、信息服务。"", ""business_term"": ""2011-05-24至无固定期限"", ""source"": ""马克数据网"", ""taxpayer_id"": ""93340100MA2N1EBG6X"", ""reg_number"": ""340108NA001002X"", ""contact_phone"": ""13605600001"", ""email"": ""13605600001@qq.com|13605600001@163.com|1235685954@qq.com|949125110@qq.com|45678@qq.com|13605600001@139.com"", ""province"": ""安徽省"", ""city"": ""合肥市"", ""district"": ""瑶海区"", ""industry"": ""农业"", ""county"": ""新站区""}"
COMP_000038,马克数据网,合肥市瑶海区简爱花店鲜花店,刘佳洁,2023-03-27,未知,个体工商户,340102601770313,92340102MA8Q88QKX7,2023-03-27至无固定期限,MA8Q88QK-X,注销,安徽省合肥市瑶海区保利东郡5幢107室,安徽省,合肥市,瑶海区,农业,许可项目：食品销售；食品互联网销售；烟草制品零售（依法须经批准的项目，经相关部门批准后方可开展经营活动，具体经营项目以相关部门批准文件或许可证件为准）一般项目：礼品花卉销售；工艺美术品及礼仪用品销售（象牙及其制品除外）；食品销售（仅销售预包装食品）；食品互联网销售（仅销售预包装食品）；互联网销售（除销售需要许可的商品）；婚庆礼仪服务（除许可业务外，可自主依法经营法律法规非禁止或限制的项目）,"{""company_name"": ""合肥市瑶海区简爱花店鲜花店"", ""legal_rep"": ""刘佳洁"", ""credit_code"": ""MA8Q88QK-X"", ""est_date"": ""2023-03-27"", ""status"": ""注销"", ""address"": ""安徽省合肥市瑶海区保利东郡5幢107室"", ""id"": 39.0, ""company_type"": ""个体工商户"", ""approval_date"": ""22/5/2023"", ""business_scope"": ""许可项目：食品销售；食品互联网销售；烟草制品零售（依法须经批准的项目，经相关部门批准后方可开展经营活动，具体经营项目以相关部门批准文件或许可证件为准）一般项目：礼品花卉销售；工艺美术品及礼仪用品销售（象牙及其制品除外）；食品销售（仅销售预包装食品）；食品互联网销售（仅销售预包装食品）；互联网销售（除销售需要许可的商品）；婚庆礼仪服务（除许可业务外，可自主依法经营法律法规非禁止或限制的项目）"", ""business_term"": ""2023-03-27至无固定期限"", ""source"": ""马克数据网"", ""taxpayer_id"": ""92340102MA8Q88QKX7"", ""reg_number"": ""340102601770313"", ""province"": ""安徽省"", ""city"": ""合肥市"", ""district"": ""瑶海区"", ""industry"": ""农业"", ""county"": ""瑶海区""}"
COMP_000039,马克数据网,合肥市瑶海区未语花店,莫文荣,2019-08-14,未知,个体工商户,340102601012253,92340102MA2U0YK16L,2019-08-14至无固定期限,MA2U0YK1-6,存续,安徽省合肥市瑶海区临泉路与王岗大道交口东南圣地雅阁1-16幢1001,安徽省,合肥市,瑶海区,农业,花卉、苗木、盆景、日用百货销售。（依法须经批准的项目，经相关部门批准后方可开展经营活动）,"{""company_name"": ""合肥市瑶海区未语花店"", ""legal_rep"": ""莫文荣"", ""credit_code"": ""MA2U0YK1-6"", ""est_date"": ""2019-08-14"", ""status"": ""存续"", ""address"": ""安徽省合肥市瑶海区临泉路与王岗大道交口东南圣地雅阁1-16幢1001"", ""id"": 40.0, ""company_type"": ""个体工商户"", ""approval_date"": ""14/8/2019"", ""business_scope"": ""花卉、苗木、盆景、日用百货销售。（依法须经批准的项目，经相关部门批准后方可开展经营活动）"", ""business_term"": ""2019-08-14至无固定期限"", ""source"": ""马克数据网"", ""taxpayer_id"": ""92340102MA2U0YK16L"", ""reg_number"": ""340102601012253"", ""contact_phone"": ""13655603641"", ""province"": ""安徽省"", ""city"": ""合肥市"", ""district"": ""瑶海区"", ""industry"": ""农业"", ""county"": ""瑶海区""}"
COMP_000040,马克数据网,合肥市瑶海区花之俏花卉店,陈志梅,2019-11-28,未知,个体工商户,340102601070767,92340102MA2UBR7Y49,2019-11-28至无固定期限,MA2UBR7Y4,存续,合肥市瑶海区店岗新村125号,安徽省,合肥市,瑶海区,农业,许可项目：食品销售（依法须经批准的项目，经相关部门批准后方可开展经营活动，具体经营项目以相关部门批准文件或许可证件为准）一般项目：花卉种植；礼品花卉销售；花卉绿植租借与代管理；婚庆礼仪服务；工艺美术品及收藏品批发（象牙及其制品除外）；工艺美术品及收藏品零售（象牙及其制品除外）；新鲜水果批发；新鲜水果零售（除许可业务外，可自主依法经营法律法规非禁止或限制的项目）,"{""company_name"": ""合肥市瑶海区花之俏花卉店"", ""legal_rep"": ""陈志梅"", ""credit_code"": ""MA2UBR7Y4"", ""est_date"": ""2019-11-28"", ""status"": ""存续"", ""address"": ""合肥市瑶海区店岗新村125号"", ""id"": 41.0, ""company_type"": ""个体工商户"", ""approval_date"": ""2/6/2022"", ""business_scope"": ""许可项目：食品销售（依法须经批准的项目，经相关部门批准后方可开展经营活动，具体经营项目以相关部门批准文件或许可证件为准）一般项目：花卉种植；礼品花卉销售；花卉绿植租借与代管理；婚庆礼仪服务；工艺美术品及收藏品批发（象牙及其制品除外）；工艺美术品及收藏品零售（象牙及其制品除外）；新鲜水果批发；新鲜水果零售（除许可业务外，可自主依法经营法律法规非禁止或限制的项目）"", ""business_term"": ""2019-11-28至无固定期限"", ""source"": ""马克数据网"", ""taxpayer_id"": ""92340102MA2UBR7Y49"", ""reg_number"": ""340102601070767"", ""contact_phone"": ""13721103144"", ""province"": ""安徽省"", ""city"": ""合肥市"", ""district"": ""瑶海区"", ""industry"": ""农业"", ""county"": ""瑶海区""}"
COMP_000041,马克数据网,合肥凌鹏农业发展有限公司,王建群,2020-11-19,1000000,有限责任公司(自然人投资或控股),340102000375548,91340102MA2WEXL18B,2020-11-19至无固定期限,MA2WEXL1-8,存续,安徽省合肥市瑶海区龙岗开发区汴河路与郎溪路交叉口南200米龙腾家园三期41栋102室,安徽省,合肥市,瑶海区,农业,蔬菜种植；农产品种植；农业技术开发、技术咨询、技术交流、技术转让、技术推广、技术服务；果品、蔬菜批发；鲜肉批发；肉、禽、蛋、奶及水产品批发；鲜禽批发；鲜禽零售；肉、禽、蛋、奶及水产品零售；果品、蔬菜零售；农副产品零售；冷冻鱼；冷冻虾。（依法须经批准的项目，经相关部门批准后方可开展经营活动）,"{""company_name"": ""合肥凌鹏农业发展有限公司"", ""legal_rep"": ""王建群"", ""credit_code"": ""MA2WEXL1-8"", ""capital"": ""1000000"", ""est_date"": ""2020-11-19"", ""status"": ""存续"", ""address"": ""安徽省合肥市瑶海区龙岗开发区汴河路与郎溪路交叉口南200米龙腾家园三期41栋102室"", ""id"": 42.0, ""company_type"": ""有限责任公司(自然人投资或控股)"", ""approval_date"": ""19/11/2020"", ""business_scope"": ""蔬菜种植；农产品种植；农业技术开发、技术咨询、技术交流、技术转让、技术推广、技术服务；果品、蔬菜批发；鲜肉批发；肉、禽、蛋、奶及水产品批发；鲜禽批发；鲜禽零售；肉、禽、蛋、奶及水产品零售；果品、蔬菜零售；农副产品零售；冷冻鱼；冷冻虾。（依法须经批准的项目，经相关部门批准后方可开展经营活动）"", ""business_term"": ""2020-11-19至无固定期限"", ""source"": ""马克数据网"", ""taxpayer_id"": ""91340102MA2WEXL18B"", ""reg_number"": ""340102000375548"", ""contact_phone"": ""13866768611"", ""email"": ""304954180@qq.com"", ""province"": ""安徽省"", ""city"": ""合肥市"", ""district"": ""瑶海区"", ""industry"": ""农业"", ""county"": ""瑶海区""}"
COMP_000042,马克数据网,合肥市瑶海区花楹鲜花绿植店,张盈盈,2020-10-13,未知,个体工商户,340102601224261,92340102MA2WAC5K29,2020-10-13至无固定期限,MA2WAC5K-2,存续,合肥市瑶海区胜利路与临泉路交口向南100米,安徽省,合肥市,瑶海区,农业,百货零售；鲜花批发（含互联网批发）；礼品鲜花零售(含互联网零售)；盆栽花批发（含互联网批发）；花盆栽培植物零售(含互联网零售)；装饰物品批发（含互联网批发）；装饰物零售(含互联网零售)（依法须经批准的项目，经相关部门批准后方可开展经营活动）,"{""company_name"": ""合肥市瑶海区花楹鲜花绿植店"", ""legal_rep"": ""张盈盈"", ""credit_code"": ""MA2WAC5K-2"", ""est_date"": ""2020-10-13"", ""status"": ""存续"", ""address"": ""合肥市瑶海区胜利路与临泉路交口向南100米"", ""id"": 43.0, ""company_type"": ""个体工商户"", ""approval_date"": ""13/10/2020"", ""business_scope"": ""百货零售；鲜花批发（含互联网批发）；礼品鲜花零售(含互联网零售)；盆栽花批发（含互联网批发）；花盆栽培植物零售(含互联网零售)；装饰物品批发（含互联网批发）；装饰物零售(含互联网零售)（依法须经批准的项目，经相关部门批准后方可开展经营活动）"", ""business_term"": ""2020-10-13至无固定期限"", ""source"": ""马克数据网"", ""taxpayer_id"": ""92340102MA2WAC5K29"", ""reg_number"": ""340102601224261"", ""contact_phone"": ""18356765987"", ""province"": ""安徽省"", ""city"": ""合肥市"", ""district"": ""瑶海区"", ""industry"": ""农业"", ""county"": ""瑶海区""}"
COMP_000043,马克数据网,邓乐乐,邓乐乐,2021-02-03,未知,个体工商户,340102601283519,92340102MA2WNK5X10,2021-02-03至无固定期限,MA2WNK5X-1,存续,合肥市瑶海区长江东路1150号中房名都1-107,安徽省,合肥市,瑶海区,农业,鲜花、干花销售。（依法须经批准的项目，经相关部门批准后方可开展经营活动）,"{""company_name"": ""邓乐乐"", ""legal_rep"": ""邓乐乐"", ""credit_code"": ""MA2WNK5X-1"", ""est_date"": ""2021-02-03"", ""status"": ""存续"", ""address"": ""合肥市瑶海区长江东路1150号中房名都1-107"", ""id"": 44.0, ""company_type"": ""个体工商户"", ""approval_date"": ""3/2/2021"", ""business_scope"": ""鲜花、干花销售。（依法须经批准的项目，经相关部门批准后方可开展经营活动）"", ""business_term"": ""2021-02-03至无固定期限"", ""source"": ""马克数据网"", ""taxpayer_id"": ""92340102MA2WNK5X10"", ""reg_number"": ""340102601283519"", ""province"": ""安徽省"", ""city"": ""合肥市"", ""district"": ""瑶海区"", ""industry"": ""农业"", ""county"": ""瑶海区""}"
COMP_000044,马克数据网,合肥市瑶海区正百草中药材经营部,吴柏珍,2019-07-25,未知,个体工商户,340102601002484,92340102MA2TY8MA60,2019-07-25至无固定期限,MA2TY8MA-6,存续,安徽省合肥市瑶海区临泉路与定远路交口风景苑2号楼22号,安徽省,合肥市,瑶海区,农业,中药材种植及销售；茶籽油料种植、加工、销售；茶籽饼收购与销售；农副产品、土特产品销售。（依法须经批准的项目，经相关部门批准后方可开展经营活动）,"{""company_name"": ""合肥市瑶海区正百草中药材经营部"", ""legal_rep"": ""吴柏珍"", ""credit_code"": ""MA2TY8MA-6"", ""est_date"": ""2019-07-25"", ""status"": ""存续"", ""address"": ""安徽省合肥市瑶海区临泉路与定远路交口风景苑2号楼22号"", ""id"": 45.0, ""company_type"": ""个体工商户"", ""approval_date"": ""25/7/2019"", ""business_scope"": ""中药材种植及销售；茶籽油料种植、加工、销售；茶籽饼收购与销售；农副产品、土特产品销售。（依法须经批准的项目，经相关部门批准后方可开展经营活动）"", ""business_term"": ""2019-07-25至无固定期限"", ""source"": ""马克数据网"", ""taxpayer_id"": ""92340102MA2TY8MA60"", ""reg_number"": ""340102601002484"", ""contact_phone"": ""18556537007"", ""province"": ""安徽省"", ""city"": ""合肥市"", ""district"": ""瑶海区"", ""industry"": ""农业"", ""county"": ""瑶海区""}"
COMP_000045,马克数据网,张红,张红,2017-09-04,未知,个体工商户,340102600718954,92340102MA2NYYM69R,2017-09-04至无固定期限,MA2NYYM6-9,存续,合肥市瑶海区凤阳路集贸市内125号摊位,安徽省,合肥市,瑶海区,农业,农场品零售。（依法须经批准的项目，经相关部门批准后方可开展经营活动）,"{""company_name"": ""张红"", ""legal_rep"": ""张红"", ""credit_code"": ""MA2NYYM6-9"", ""est_date"": ""2017-09-04"", ""status"": ""存续"", ""address"": ""合肥市瑶海区凤阳路集贸市内125号摊位"", ""id"": 46.0, ""company_type"": ""个体工商户"", ""approval_date"": ""4/9/2017"", ""business_scope"": ""农场品零售。（依法须经批准的项目，经相关部门批准后方可开展经营活动）"", ""business_term"": ""2017-09-04至无固定期限"", ""source"": ""马克数据网"", ""taxpayer_id"": ""92340102MA2NYYM69R"", ""reg_number"": ""340102600718954"", ""contact_phone"": ""15056098350"", ""province"": ""安徽省"", ""city"": ""合肥市"", ""district"": ""瑶海区"", ""industry"": ""农业"", ""county"": ""瑶海区""}"
COMP_000046,马克数据网,合肥一欣园艺有限公司,龚瑞涛,2019-04-24,5000000,有限责任公司(自然人投资或控股),340102000190696,91340102MA2TN1TG0J,2019-04-24至无固定期限,MA2TN1TG-0,注销,安徽省合肥市瑶海区临泉路森海豪庭一栋802,安徽省,合肥市,瑶海区,农业,园林绿化工程、园林景观工程设计、施工、养护；园林绿化设备安装；苗木、花卉、草坪的培育、销售；花卉租赁；网络通讯工程、网络综合布线工程、网络监控工程设计、安装；通讯设备安装、上门维修；通讯技术服务；通讯设备、五金电料销售。（依法须经批准的项目，经相关部门批准后方可开展经营活动）,"{""company_name"": ""合肥一欣园艺有限公司"", ""legal_rep"": ""龚瑞涛"", ""credit_code"": ""MA2TN1TG-0"", ""capital"": ""5000000"", ""est_date"": ""2019-04-24"", ""status"": ""注销"", ""address"": ""安徽省合肥市瑶海区临泉路森海豪庭一栋802"", ""id"": 47.0, ""company_type"": ""有限责任公司(自然人投资或控股)"", ""approval_date"": ""4/12/2019"", ""business_scope"": ""园林绿化工程、园林景观工程设计、施工、养护；园林绿化设备安装；苗木、花卉、草坪的培育、销售；花卉租赁；网络通讯工程、网络综合布线工程、网络监控工程设计、安装；通讯设备安装、上门维修；通讯技术服务；通讯设备、五金电料销售。（依法须经批准的项目，经相关部门批准后方可开展经营活动）"", ""business_term"": ""2019-04-24至无固定期限"", ""source"": ""马克数据网"", ""taxpayer_id"": ""91340102MA2TN1TG0J"", ""reg_number"": ""340102000190696"", ""contact_phone"": ""18019942897"", ""province"": ""安徽省"", ""city"": ""合肥市"", ""district"": ""瑶海区"", ""industry"": ""农业"", ""county"": ""瑶海区""}"
COMP_000047,马克数据网,合肥落叶农业种植有限公司,汪晚霞,2023-04-17,50000,有限责任公司(自然人投资或控股),未知,91340102MA8QBDYH6E,2023-04-17至无固定期限,MA8QBDYH-6,存续,安徽省合肥市瑶海区临泉路与铜陵路交叉口安徽大市场6区2077号商铺,安徽省,合肥市,瑶海区,农业,一般项目：谷物种植；豆类种植；蔬菜种植；花卉种植；水果种植；谷物销售；农副产品销售；林业产品销售；农产品的生产、销售、加工、运输、贮藏及其他相关服务（除许可业务外，可自主依法经营法律法规非禁止或限制的项目）,"{""company_name"": ""合肥落叶农业种植有限公司"", ""legal_rep"": ""汪晚霞"", ""credit_code"": ""MA8QBDYH-6"", ""capital"": ""50000"", ""est_date"": ""2023-04-17"", ""status"": ""存续"", ""address"": ""安徽省合肥市瑶海区临泉路与铜陵路交叉口安徽大市场6区2077号商铺"", ""id"": 48.0, ""company_type"": ""有限责任公司(自然人投资或控股)"", ""approval_date"": ""17/4/2023"", ""business_scope"": ""一般项目：谷物种植；豆类种植；蔬菜种植；花卉种植；水果种植；谷物销售；农副产品销售；林业产品销售；农产品的生产、销售、加工、运输、贮藏及其他相关服务（除许可业务外，可自主依法经营法律法规非禁止或限制的项目）"", ""business_term"": ""2023-04-17至无固定期限"", ""source"": ""马克数据网"", ""taxpayer_id"": ""91340102MA8QBDYH6E"", ""province"": ""安徽省"", ""city"": ""合肥市"", ""district"": ""瑶海区"", ""industry"": ""农业"", ""county"": ""瑶海区""}"
COMP_000048,马克数据网,安徽梵纳农业发展有限公司,李友初,2020-03-19,5000000,有限责任公司(自然人独资),340102000292963,91340102MA2UJX837J,2020-03-19至无固定期限,MA2UJX83-7,存续,安徽省合肥市瑶海区长江东路1015号综合楼1幢701室,安徽省,合肥市,瑶海区,农业,一般项目：技术服务、技术开发、技术咨询、技术交流、技术转让、技术推广；谷物种植；谷物销售；豆类种植；蔬菜种植；日用百货销售；日用品销售；服装服饰批发；服装服饰零售；鞋帽零售；化妆品零售；文具用品零售；体育用品及器材零售；珠宝首饰零售；食品销售（仅销售预包装食品）；电子产品销售；办公用品销售（除许可业务外，可自主依法经营法律法规非禁止或限制的项目）,"{""company_name"": ""安徽梵纳农业发展有限公司"", ""legal_rep"": ""李友初"", ""credit_code"": ""MA2UJX83-7"", ""capital"": ""5000000"", ""est_date"": ""2020-03-19"", ""status"": ""存续"", ""address"": ""安徽省合肥市瑶海区长江东路1015号综合楼1幢701室"", ""id"": 49.0, ""company_type"": ""有限责任公司(自然人独资)"", ""approval_date"": ""29/12/2022"", ""business_scope"": ""一般项目：技术服务、技术开发、技术咨询、技术交流、技术转让、技术推广；谷物种植；谷物销售；豆类种植；蔬菜种植；日用百货销售；日用品销售；服装服饰批发；服装服饰零售；鞋帽零售；化妆品零售；文具用品零售；体育用品及器材零售；珠宝首饰零售；食品销售（仅销售预包装食品）；电子产品销售；办公用品销售（除许可业务外，可自主依法经营法律法规非禁止或限制的项目）"", ""business_term"": ""2020-03-19至无固定期限"", ""source"": ""马克数据网"", ""taxpayer_id"": ""91340102MA2UJX837J"", ""reg_number"": ""340102000292963"", ""contact_phone"": ""15385188840;18096632969"", ""email"": ""18096632969@qq.com|wyx190610@163.com"", ""province"": ""安徽省"", ""city"": ""合肥市"", ""district"": ""瑶海区"", ""industry"": ""农业"", ""county"": ""瑶海区""}"
COMP_000049,马克数据网,合肥万丰生态农业有限公司,童旺,2014-03-19,500000,有限责任公司(自然人投资或控股),340108000115525,91340100095384720B,2014-03-19至2034-03-18,09538472-0,存续,安徽省合肥市新站区三十头社居委四十头村杨塘村,安徽省,合肥市,瑶海区,农业,菌种、花卉、绿化苗、造林苗、经济林苗、瓜果、蔬菜种植、销售；预包装种子、农业机械、农资产品（除专项审批项目）、农副产品（除食品）销售；草坪、盆景培育、销售；园林绿化工程施工及技术服务。（依法须经批准的项目，经相关部门批准后方可开展经营活动）,"{""company_name"": ""合肥万丰生态农业有限公司"", ""legal_rep"": ""童旺"", ""credit_code"": ""09538472-0"", ""capital"": ""500000"", ""est_date"": ""2014-03-19"", ""status"": ""存续"", ""address"": ""安徽省合肥市新站区三十头社居委四十头村杨塘村"", ""id"": 50.0, ""company_type"": ""有限责任公司(自然人投资或控股)"", ""approval_date"": ""19/3/2014"", ""business_scope"": ""菌种、花卉、绿化苗、造林苗、经济林苗、瓜果、蔬菜种植、销售；预包装种子、农业机械、农资产品（除专项审批项目）、农副产品（除食品）销售；草坪、盆景培育、销售；园林绿化工程施工及技术服务。（依法须经批准的项目，经相关部门批准后方可开展经营活动）"", ""business_term"": ""2014-03-19至2034-03-18"", ""source"": ""马克数据网"", ""taxpayer_id"": ""91340100095384720B"", ""reg_number"": ""340108000115525"", ""contact_phone"": ""0551-64271283;0551-66330863;18155177110;18158857798"", ""email"": ""1057447813@qq.com|10574478@qq.com|1063841045@qq.com|1943895748@qq.com"", ""province"": ""安徽省"", ""city"": ""合肥市"", ""district"": ""瑶海区"", ""industry"": ""农业"", ""county"": ""新站区""}"
COMP_000050,马克数据网,合肥市大兴瓜菜种子门市部,尚昌华,1990-11-12,2000,国有经营单位(非法人),3401001503413,91340100MA2X6BUA6U,1990-11-12至无固定期限,MA2X6BUA-6,吊销,安徽省合肥市东郊大兴集,安徽省,合肥市,瑶海区,农业,销售包装瓜菜、杂交种子、化肥。,"{""company_name"": ""合肥市大兴瓜菜种子门市部"", ""legal_rep"": ""尚昌华"", ""credit_code"": ""MA2X6BUA-6"", ""capital"": ""2000"", ""est_date"": ""1990-11-12"", ""status"": ""吊销"", ""address"": ""安徽省合肥市东郊大兴集"", ""id"": 51.0, ""company_type"": ""国有经营单位(非法人)"", ""approval_date"": ""12/11/1990"", ""business_scope"": ""销售包装瓜菜、杂交种子、化肥。"", ""business_term"": ""1990-11-12至无固定期限"", ""source"": ""马克数据网"", ""taxpayer_id"": ""91340100MA2X6BUA6U"", ""reg_number"": ""3401001503413"", ""province"": ""安徽省"", ""city"": ""合肥市"", ""district"": ""瑶海区"", ""industry"": ""农业""}"
COMP_000051,马克数据网,合肥市瑶海区婷俊农产品销售部,杜万宝,2023-03-29,未知,个体工商户,340102601774710,92340102MA8Q8QE76E,2023-03-29至无固定期限,MA8Q8QE7-6,存续,安徽省合肥市瑶海区明光路恒大中央广场2号写字楼地块4519-8室,安徽省,合肥市,瑶海区,农业,一般项目：食用农产品零售；食用农产品批发；新鲜水果零售；新鲜蔬菜零售；鲜蛋零售；食品销售（仅销售预包装食品）；水产品零售；鲜肉零售；食品互联网销售（仅销售预包装食品）（除许可业务外，可自主依法经营法律法规非禁止或限制的项目）,"{""company_name"": ""合肥市瑶海区婷俊农产品销售部"", ""legal_rep"": ""杜万宝"", ""credit_code"": ""MA8Q8QE7-6"", ""est_date"": ""2023-03-29"", ""status"": ""存续"", ""address"": ""安徽省合肥市瑶海区明光路恒大中央广场2号写字楼地块4519-8室"", ""id"": 52.0, ""company_type"": ""个体工商户"", ""approval_date"": ""29/3/2023"", ""business_scope"": ""一般项目：食用农产品零售；食用农产品批发；新鲜水果零售；新鲜蔬菜零售；鲜蛋零售；食品销售（仅销售预包装食品）；水产品零售；鲜肉零售；食品互联网销售（仅销售预包装食品）（除许可业务外，可自主依法经营法律法规非禁止或限制的项目）"", ""business_term"": ""2023-03-29至无固定期限"", ""source"": ""马克数据网"", ""taxpayer_id"": ""92340102MA8Q8QE76E"", ""reg_number"": ""340102601774710"", ""province"": ""安徽省"", ""city"": ""合肥市"", ""district"": ""瑶海区"", ""industry"": ""农业"", ""county"": ""瑶海区""}"
COMP_000052,马克数据网,合肥瑶海区爱侬鲜花店,汪娇娇,2018-11-20,未知,个体工商户,340102600891365,92340102MA2T8MDA53,2018-11-20至无固定期限,MA2T8MDA-5,注销,合肥市瑶海区大通路42号,安徽省,合肥市,瑶海区,农业,鲜花销售。（依法须经批准的项目，经相关部门批准后方可开展经营活动）,"{""company_name"": ""合肥瑶海区爱侬鲜花店"", ""legal_rep"": ""汪娇娇"", ""credit_code"": ""MA2T8MDA-5"", ""est_date"": ""2018-11-20"", ""status"": ""注销"", ""address"": ""合肥市瑶海区大通路42号"", ""id"": 53.0, ""company_type"": ""个体工商户"", ""approval_date"": ""23/5/2019"", ""business_scope"": ""鲜花销售。（依法须经批准的项目，经相关部门批准后方可开展经营活动）"", ""business_term"": ""2018-11-20至无固定期限"", ""source"": ""马克数据网"", ""taxpayer_id"": ""92340102MA2T8MDA53"", ""reg_number"": ""340102600891365"", ""province"": ""安徽省"", ""city"": ""合肥市"", ""district"": ""瑶海区"", ""industry"": ""农业"", ""county"": ""瑶海区""}"
COMP_000053,马克数据网,合肥瑶海区张苗花店,张苗,2019-01-11,未知,个体工商户,340102600914876,92340102MA2TDTHJ0D,2019-01-11至无固定期限,MA2TDTHJ-0,注销,合肥市瑶海区大通路30号,安徽省,合肥市,瑶海区,农业,鲜花销售。（依法须经批准的项目，经相关部门批准后方可开展经营活动）,"{""company_name"": ""合肥瑶海区张苗花店"", ""legal_rep"": ""张苗"", ""credit_code"": ""MA2TDTHJ-0"", ""est_date"": ""2019-01-11"", ""status"": ""注销"", ""address"": ""合肥市瑶海区大通路30号"", ""id"": 54.0, ""company_type"": ""个体工商户"", ""approval_date"": ""23/5/2019"", ""business_scope"": ""鲜花销售。（依法须经批准的项目，经相关部门批准后方可开展经营活动）"", ""business_term"": ""2019-01-11至无固定期限"", ""source"": ""马克数据网"", ""taxpayer_id"": ""92340102MA2TDTHJ0D"", ""reg_number"": ""340102600914876"", ""province"": ""安徽省"", ""city"": ""合肥市"", ""district"": ""瑶海区"", ""industry"": ""农业"", ""county"": ""瑶海区""}"
COMP_000054,马克数据网,合肥善嘉农业有限公司,高社华,2021-07-01,500000,有限责任公司(自然人投资或控股),340102000451309,91340102MA8MY9CY64,2021-07-01至无固定期限,MA8MY9CY-6,存续,安徽省合肥市瑶海区大兴镇百大周谷堆C区粮油区18栋1F-01,安徽省,合肥市,瑶海区,农业,一般项目：谷物种植；薯类种植；蔬菜种植；水果种植；农产品的生产、销售、加工、运输、贮藏及其他相关服务（除许可业务外，可自主依法经营法律法规非禁止或限制的项目）,"{""company_name"": ""合肥善嘉农业有限公司"", ""legal_rep"": ""高社华"", ""credit_code"": ""MA8MY9CY-6"", ""capital"": ""500000"", ""est_date"": ""2021-07-01"", ""status"": ""存续"", ""address"": ""安徽省合肥市瑶海区大兴镇百大周谷堆C区粮油区18栋1F-01"", ""id"": 55.0, ""company_type"": ""有限责任公司(自然人投资或控股)"", ""approval_date"": ""1/7/2021"", ""business_scope"": ""一般项目：谷物种植；薯类种植；蔬菜种植；水果种植；农产品的生产、销售、加工、运输、贮藏及其他相关服务（除许可业务外，可自主依法经营法律法规非禁止或限制的项目）"", ""business_term"": ""2021-07-01至无固定期限"", ""source"": ""马克数据网"", ""taxpayer_id"": ""91340102MA8MY9CY64"", ""reg_number"": ""340102000451309"", ""province"": ""安徽省"", ""city"": ""合肥市"", ""district"": ""瑶海区"", ""industry"": ""农业"", ""county"": ""瑶海区""}"
COMP_000055,马克数据网,合肥市瑶海区原老燕子花卉店,何小燕,2019-10-09,未知,个体工商户,340102601039713,92340102MA2U61HF4E,2019-10-09至无固定期限,MA2U61HF-4,存续,合肥市瑶海区琅琊山路营业楼壹楼101门面,安徽省,合肥市,瑶海区,农业,百货零售，鲜花批发，花卉零售，花盆栽培植物零售（依法须经批准的项目，经相关部门批准后方可开展经营活动）,"{""company_name"": ""合肥市瑶海区原老燕子花卉店"", ""legal_rep"": ""何小燕"", ""credit_code"": ""MA2U61HF-4"", ""est_date"": ""2019-10-09"", ""status"": ""存续"", ""address"": ""合肥市瑶海区琅琊山路营业楼壹楼101门面"", ""id"": 56.0, ""company_type"": ""个体工商户"", ""approval_date"": ""9/10/2019"", ""business_scope"": ""百货零售，鲜花批发，花卉零售，花盆栽培植物零售（依法须经批准的项目，经相关部门批准后方可开展经营活动）"", ""business_term"": ""2019-10-09至无固定期限"", ""source"": ""马克数据网"", ""taxpayer_id"": ""92340102MA2U61HF4E"", ""reg_number"": ""340102601039713"", ""contact_phone"": ""15256565289"", ""province"": ""安徽省"", ""city"": ""合肥市"", ""district"": ""瑶海区"", ""industry"": ""农业"", ""county"": ""瑶海区""}"
COMP_000056,马克数据网,安徽谷留香农业科技有限公司,黄元元,2022-05-18,5000000,有限责任公司(自然人独资),340102000593901,91340102MA8P24MT32,2022-05-18至无固定期限,MA8P24MT-3,存续,安徽省合肥市瑶海区龙岗开发区临泉路与王岗路交口恒大城12、13幢商104号,安徽省,合肥市,瑶海区,农业,一般项目：农作物栽培服务；与农业生产经营有关的技术、信息、设施建设运营等服务；农作物种子经营（仅限不再分装的包装种子）；农产品的生产、销售、加工、运输、贮藏及其他相关服务；花卉种植；新鲜水果零售；生物有机肥料研发；新鲜蔬菜零售；土壤与肥料的复混加工；技术服务、技术开发、技术咨询、技术交流、技术转让、技术推广；化肥销售；产业用纺织制成品制造；产业用纺织制成品销售；谷物种植；非主要农作物种子生产；谷物销售；肥料销售；农业专业及辅助性活动；农业园艺服务；园艺产品种植；水果种植；坚果种植；含油果种植；农业机械服务；农副产品销售；农业生产资料的购买、使用；农业科学研究和试验发展；豆类种植；油料种植；薯类种植；棉花种植；麻类作物种植（不含大麻）；蔬菜种植；食用菌种植；香料作物种植（除许可业务外，可自主依法经营法律法规非禁止或限制的项目）许可项目：农药零售；农药批发；草种生产经营；农作物种子经营；林木种子生产经营（依法须经批准的项目，经相关部门批准后方可开展经营活动，具体经营项目以相关部门批准文件或许可证件为准）,"{""company_name"": ""安徽谷留香农业科技有限公司"", ""legal_rep"": ""黄元元"", ""credit_code"": ""MA8P24MT-3"", ""capital"": ""5000000"", ""est_date"": ""2022-05-18"", ""status"": ""存续"", ""address"": ""安徽省合肥市瑶海区龙岗开发区临泉路与王岗路交口恒大城12、13幢商104号"", ""id"": 57.0, ""company_type"": ""有限责任公司(自然人独资)"", ""approval_date"": ""18/5/2022"", ""business_scope"": ""一般项目：农作物栽培服务；与农业生产经营有关的技术、信息、设施建设运营等服务；农作物种子经营（仅限不再分装的包装种子）；农产品的生产、销售、加工、运输、贮藏及其他相关服务；花卉种植；新鲜水果零售；生物有机肥料研发；新鲜蔬菜零售；土壤与肥料的复混加工；技术服务、技术开发、技术咨询、技术交流、技术转让、技术推广；化肥销售；产业用纺织制成品制造；产业用纺织制成品销售；谷物种植；非主要农作物种子生产；谷物销售；肥料销售；农业专业及辅助性活动；农业园艺服务；园艺产品种植；水果种植；坚果种植；含油果种植；农业机械服务；农副产品销售；农业生产资料的购买、使用；农业科学研究和试验发展；豆类种植；油料种植；薯类种植；棉花种植；麻类作物种植（不含大麻）；蔬菜种植；食用菌种植；香料作物种植（除许可业务外，可自主依法经营法律法规非禁止或限制的项目）许可项目：农药零售；农药批发；草种生产经营；农作物种子经营；林木种子生产经营（依法须经批准的项目，经相关部门批准后方可开展经营活动，具体经营项目以相关部门批准文件或许可证件为准）"", ""business_term"": ""2022-05-18至无固定期限"", ""source"": ""马克数据网"", ""taxpayer_id"": ""91340102MA8P24MT32"", ""reg_number"": ""340102000593901"", ""province"": ""安徽省"", ""city"": ""合肥市"", ""district"": ""瑶海区"", ""industry"": ""农业"", ""county"": ""瑶海区""}"
COMP_000057,马克数据网,鲍杰,鲍杰,2012-06-30,未知,个体工商户,340102600271307,未知,2012-06-29至无固定期限,未知,吊销，未注销,安徽省合肥市瑶海区站前路宝文商务大厦1409号,安徽省,合肥市,瑶海区,农业,皮具批发零售。,"{""company_name"": ""鲍杰"", ""legal_rep"": ""鲍杰"", ""est_date"": ""2012-06-30"", ""status"": ""吊销，未注销"", ""address"": ""安徽省合肥市瑶海区站前路宝文商务大厦1409号"", ""id"": 58.0, ""company_type"": ""个体工商户"", ""approval_date"": ""13/11/2013"", ""business_scope"": ""皮具批发零售。"", ""business_term"": ""2012-06-29至无固定期限"", ""source"": ""马克数据网"", ""reg_number"": ""340102600271307"", ""province"": ""安徽省"", ""city"": ""合肥市"", ""district"": ""瑶海区"", ""industry"": ""农业"", ""county"": ""瑶海区""}"
COMP_000058,马克数据网,安徽省敏盛苗木有限公司,吴敏,2016-03-24,5000000,有限责任公司(自然人投资或控股),340108000144716,91340100MA2MU2D02J,2016-03-24至无固定期限,MA2MU2D0-2,存续,合肥市新站区三十头社区范冲村小范冲组,安徽省,合肥市,瑶海区,农业,苗木、花卉种植、销售；园艺开发。（依法须经批准的项目，经相关部门批准后方可开展经营活动）,"{""company_name"": ""安徽省敏盛苗木有限公司"", ""legal_rep"": ""吴敏"", ""credit_code"": ""MA2MU2D0-2"", ""capital"": ""5000000"", ""est_date"": ""2016-03-24"", ""status"": ""存续"", ""address"": ""合肥市新站区三十头社区范冲村小范冲组"", ""id"": 59.0, ""company_type"": ""有限责任公司(自然人投资或控股)"", ""approval_date"": ""24/3/2016"", ""business_scope"": ""苗木、花卉种植、销售；园艺开发。（依法须经批准的项目，经相关部门批准后方可开展经营活动）"", ""business_term"": ""2016-03-24至无固定期限"", ""source"": ""马克数据网"", ""taxpayer_id"": ""91340100MA2MU2D02J"", ""reg_number"": ""340108000144716"", ""contact_phone"": ""0551-66337911;0551-66852923;13305693034;18156987202"", ""email"": ""429121548@qq.com|123@qq.com|1234567@126.com|www.912298787@qq.com|471739493@qq.com"", ""province"": ""安徽省"", ""city"": ""合肥市"", ""district"": ""瑶海区"", ""industry"": ""农业"", ""county"": ""新站区""}"
COMP_000059,马克数据网,合肥怡园生态农业专业合作社,窦维翔,2011-05-05,20000000,农民专业合作社,340108NA001001X,93340100574423846T,2011-05-05至无固定期限,57442384-6,存续,安徽省合肥市新站区磨店乡张店村,安徽省,合肥市,瑶海区,农业,苗木栽培；果蔬种植；农产品（除专项审批）加工、销售。,"{""company_name"": ""合肥怡园生态农业专业合作社"", ""legal_rep"": ""窦维翔"", ""credit_code"": ""57442384-6"", ""capital"": ""20000000"", ""est_date"": ""2011-05-05"", ""status"": ""存续"", ""address"": ""安徽省合肥市新站区磨店乡张店村"", ""id"": 60.0, ""company_type"": ""农民专业合作社"", ""approval_date"": ""23/4/2012"", ""company_size"": ""小于50人"", ""business_scope"": ""苗木栽培；果蔬种植；农产品（除专项审批）加工、销售。"", ""business_term"": ""2011-05-05至无固定期限"", ""source"": ""马克数据网"", ""taxpayer_id"": ""93340100574423846T"", ""reg_number"": ""340108NA001001X"", ""contact_phone"": ""13866179668;13956961508"", ""email"": ""13956961508@qq.com|951483973@qq.com|1235685954@qq.com|1234567@qq.com|505521894@qq.com|xiaohui286@sina.com"", ""province"": ""安徽省"", ""city"": ""合肥市"", ""district"": ""瑶海区"", ""industry"": ""农业"", ""county"": ""新站区""}"
COMP_000060,马克数据网,安徽尊逸农业科技有限公司,徐智军,2021-10-15,5000000,有限责任公司(自然人独资),340122000432025,91340122MA8NA5H335,2021-10-15至2051-10-13,MA8NA5H3-3,存续,安徽省合肥市瑶海区明光路与胜利路交口恒大中央广场43栋2219,安徽省,合肥市,瑶海区,农业,一般项目：农业机械服务；农业园艺服务；农业生产托管服务；农作物种子经营（仅限不再分装的包装种子）；化肥销售；肥料销售；农业机械销售；农副产品销售；蔬菜种植；新鲜蔬菜批发；新鲜蔬菜零售；水果种植；新鲜水果批发；新鲜水果零售；食用农产品零售；食用农产品批发；花卉种植；农用薄膜销售；与农业生产经营有关的技术、信息、设施建设运营等服务；规划设计管理；技术服务、技术开发、技术咨询、技术交流、技术转让、技术推广（除许可业务外，可自主依法经营法律法规非禁止或限制的项目）,"{""company_name"": ""安徽尊逸农业科技有限公司"", ""legal_rep"": ""徐智军"", ""credit_code"": ""MA8NA5H3-3"", ""capital"": ""5000000"", ""est_date"": ""2021-10-15"", ""status"": ""存续"", ""address"": ""安徽省合肥市瑶海区明光路与胜利路交口恒大中央广场43栋2219"", ""id"": 61.0, ""company_type"": ""有限责任公司(自然人独资)"", ""approval_date"": ""13/12/2022"", ""business_scope"": ""一般项目：农业机械服务；农业园艺服务；农业生产托管服务；农作物种子经营（仅限不再分装的包装种子）；化肥销售；肥料销售；农业机械销售；农副产品销售；蔬菜种植；新鲜蔬菜批发；新鲜蔬菜零售；水果种植；新鲜水果批发；新鲜水果零售；食用农产品零售；食用农产品批发；花卉种植；农用薄膜销售；与农业生产经营有关的技术、信息、设施建设运营等服务；规划设计管理；技术服务、技术开发、技术咨询、技术交流、技术转让、技术推广（除许可业务外，可自主依法经营法律法规非禁止或限制的项目）"", ""business_term"": ""2021-10-15至2051-10-13"", ""source"": ""马克数据网"", ""taxpayer_id"": ""91340122MA8NA5H335"", ""reg_number"": ""340122000432025"", ""contact_phone"": ""13156583995"", ""email"": ""1527649923@qq.com"", ""province"": ""安徽省"", ""city"": ""合肥市"", ""district"": ""瑶海区"", ""industry"": ""农业"", ""county"": ""瑶海区""}"
COMP_000061,马克数据网,汪仙花,汪仙花,2007-02-12,未知,个体工商户,340102600009299,未知,2007-02-12至2011-03-06,未知,吊销，未注销,安徽省合肥市铜陵北路综合楼门面房9号,安徽省,合肥市,瑶海区,农业,烟酒.百货.食品/零售,"{""company_name"": ""汪仙花"", ""legal_rep"": ""汪仙花"", ""est_date"": ""2007-02-12"", ""status"": ""吊销，未注销"", ""address"": ""安徽省合肥市铜陵北路综合楼门面房9号"", ""id"": 62.0, ""company_type"": ""个体工商户"", ""approval_date"": ""23/12/2011"", ""business_scope"": ""烟酒.百货.食品/零售"", ""business_term"": ""2007-02-12至2011-03-06"", ""source"": ""马克数据网"", ""reg_number"": ""340102600009299"", ""province"": ""安徽省"", ""city"": ""合肥市"", ""district"": ""瑶海区"", ""industry"": ""农业""}"
COMP_000062,马克数据网,合肥市瑶海区装汉花卉店,王亚洲,2021-09-13,未知,个体工商户,340102601407442,92340102MA8N71YW1C,2021-09-13至无固定期限,MA8N71YW-1,存续,安徽省合肥市瑶海区站前路与胜利路交汇处中绿广场2期802室,安徽省,合肥市,瑶海区,农业,一般项目：花卉种植；园艺产品种植；茶叶种植；日用百货销售；家用电器销售；针纺织品销售；服装服饰零售；鞋帽零售；化妆品零售；个人卫生用品销售；厨具卫具及日用杂品零售；礼品花卉销售；母婴用品销售；互联网销售（除销售需要许可的商品）（除许可业务外，可自主依法经营法律法规非禁止或限制的项目）,"{""company_name"": ""合肥市瑶海区装汉花卉店"", ""legal_rep"": ""王亚洲"", ""credit_code"": ""MA8N71YW-1"", ""est_date"": ""2021-09-13"", ""status"": ""存续"", ""address"": ""安徽省合肥市瑶海区站前路与胜利路交汇处中绿广场2期802室"", ""id"": 63.0, ""company_type"": ""个体工商户"", ""approval_date"": ""13/9/2021"", ""business_scope"": ""一般项目：花卉种植；园艺产品种植；茶叶种植；日用百货销售；家用电器销售；针纺织品销售；服装服饰零售；鞋帽零售；化妆品零售；个人卫生用品销售；厨具卫具及日用杂品零售；礼品花卉销售；母婴用品销售；互联网销售（除销售需要许可的商品）（除许可业务外，可自主依法经营法律法规非禁止或限制的项目）"", ""business_term"": ""2021-09-13至无固定期限"", ""source"": ""马克数据网"", ""taxpayer_id"": ""92340102MA8N71YW1C"", ""reg_number"": ""340102601407442"", ""contact_phone"": ""17756952783"", ""province"": ""安徽省"", ""city"": ""合肥市"", ""district"": ""瑶海区"", ""industry"": ""农业"", ""county"": ""瑶海区""}"
COMP_000063,马克数据网,合肥国红农业科技有限公司,张国红,2014-04-21,5000000,有限责任公司(自然人投资或控股),340108000117213,91340100098400191X,2014-04-21至2034-04-20,09840019-1,存续,安徽省合肥市新站区三十头社区李湾村大柏岗,安徽省,合肥市,瑶海区,农业,农业技术研发；农业项目开发；果树、经济林苗、绿化苗、造林苗、花卉、蔬菜种植、销售；垂钓服务；园林绿化工程施工；农副产品（除食品）销售。（依法须经批准的项目，经相关部门批准后方可开展经营活动）,"{""company_name"": ""合肥国红农业科技有限公司"", ""legal_rep"": ""张国红"", ""credit_code"": ""09840019-1"", ""capital"": ""5000000"", ""est_date"": ""2014-04-21"", ""status"": ""存续"", ""address"": ""安徽省合肥市新站区三十头社区李湾村大柏岗"", ""id"": 64.0, ""company_type"": ""有限责任公司(自然人投资或控股)"", ""approval_date"": ""21/1/2019"", ""business_scope"": ""农业技术研发；农业项目开发；果树、经济林苗、绿化苗、造林苗、花卉、蔬菜种植、销售；垂钓服务；园林绿化工程施工；农副产品（除食品）销售。（依法须经批准的项目，经相关部门批准后方可开展经营活动）"", ""business_term"": ""2014-04-21至2034-04-20"", ""source"": ""马克数据网"", ""taxpayer_id"": ""91340100098400191X"", ""reg_number"": ""340108000117213"", ""contact_phone"": ""0551-66330868;13965034058"", ""email"": ""1063841045@qq.com|549967404@qq.com|1162455226@qq.com"", ""province"": ""安徽省"", ""city"": ""合肥市"", ""district"": ""瑶海区"", ""industry"": ""农业"", ""county"": ""新站区""}"
COMP_000064,马克数据网,安徽蘑菇芸商贸有限公司,丁瑶瑶,2022-01-12,5000000,有限责任公司(自然人投资或控股),340102000554190,91340102MA8NLHCQ2G,2022-01-12至无固定期限,MA8NLHCQ-2,存续,安徽省合肥市瑶海区大兴镇百大周谷堆菌菇区A11栋23号仓,安徽省,合肥市,瑶海区,农业,一般项目：新鲜蔬菜批发；新鲜蔬菜零售；食品销售（仅销售预包装食品）；食用农产品批发；新鲜水果批发；食用农产品零售；新鲜水果零售；食品互联网销售（仅销售预包装食品）；包装服务；农副产品销售；互联网销售（除销售需要许可的商品）；日用百货销售；日用品批发；日用品销售；电子产品销售（除许可业务外，可自主依法经营法律法规非禁止或限制的项目）,"{""company_name"": ""安徽蘑菇芸商贸有限公司"", ""legal_rep"": ""丁瑶瑶"", ""credit_code"": ""MA8NLHCQ-2"", ""capital"": ""5000000"", ""est_date"": ""2022-01-12"", ""status"": ""存续"", ""address"": ""安徽省合肥市瑶海区大兴镇百大周谷堆菌菇区A11栋23号仓"", ""id"": 65.0, ""company_type"": ""有限责任公司(自然人投资或控股)"", ""approval_date"": ""12/1/2022"", ""business_scope"": ""一般项目：新鲜蔬菜批发；新鲜蔬菜零售；食品销售（仅销售预包装食品）；食用农产品批发；新鲜水果批发；食用农产品零售；新鲜水果零售；食品互联网销售（仅销售预包装食品）；包装服务；农副产品销售；互联网销售（除销售需要许可的商品）；日用百货销售；日用品批发；日用品销售；电子产品销售（除许可业务外，可自主依法经营法律法规非禁止或限制的项目）"", ""business_term"": ""2022-01-12至无固定期限"", ""source"": ""马克数据网"", ""taxpayer_id"": ""91340102MA8NLHCQ2G"", ""reg_number"": ""340102000554190"", ""contact_phone"": ""13349012556"", ""email"": ""13349012556@qq.com"", ""province"": ""安徽省"", ""city"": ""合肥市"", ""district"": ""瑶海区"", ""industry"": ""农业"", ""county"": ""瑶海区""}"
COMP_000065,马克数据网,合肥市瑶海区稍咯花卉店,伍士磊,2021-11-05,未知,个体工商户,340102601435132,92340102MA8NCNU36F,2021-11-05至无固定期限,MA8NCNU3-6,存续,安徽省合肥市瑶海区站前路与胜利路交汇处中绿广场2期602室,安徽省,合肥市,瑶海区,农业,一般项目：花卉种植；礼品花卉销售；互联网销售（除销售需要许可的商品）（除许可业务外，可自主依法经营法律法规非禁止或限制的项目）,"{""company_name"": ""合肥市瑶海区稍咯花卉店"", ""legal_rep"": ""伍士磊"", ""credit_code"": ""MA8NCNU3-6"", ""est_date"": ""2021-11-05"", ""status"": ""存续"", ""address"": ""安徽省合肥市瑶海区站前路与胜利路交汇处中绿广场2期602室"", ""id"": 66.0, ""company_type"": ""个体工商户"", ""approval_date"": ""5/11/2021"", ""business_scope"": ""一般项目：花卉种植；礼品花卉销售；互联网销售（除销售需要许可的商品）（除许可业务外，可自主依法经营法律法规非禁止或限制的项目）"", ""business_term"": ""2021-11-05至无固定期限"", ""source"": ""马克数据网"", ""taxpayer_id"": ""92340102MA8NCNU36F"", ""reg_number"": ""340102601435132"", ""contact_phone"": ""13851370444"", ""province"": ""安徽省"", ""city"": ""合肥市"", ""district"": ""瑶海区"", ""industry"": ""农业"", ""county"": ""瑶海区""}"
COMP_000066,马克数据网,安徽鲜时达食品配送有限公司,陈凤霞,2021-01-22,5000000,有限责任公司(自然人独资),340111000722047,91340111MA2WMCKMXP,2021-01-22至无固定期限,MA2WMCKM-X,存续,安徽省合肥市瑶海区大兴镇和平路北大兴周谷堆农产品物流园14幢商201室,安徽省,合肥市,瑶海区,农业,食品配送服务；农业科技技术开发、技术咨询、技术服务、技术转让；农业信息咨询；农产品种植及销售；水产品养殖及销售；水果种植及销售；蔬菜种植、分拣及包装；餐饮服务（限分支机构经营）；食堂管理；散装食品、预包装食品、调味品、粮油、禽蛋、乳制品（含婴幼儿配方奶粉）、保健食品、鲜肉及制品、办公用品、日用百货销售；农业观光旅游服务及项目运营管理；卷烟零售；道路普通货运（除快递）。（依法须经批准的项目，经相关部门批准后方可开展经营活动）,"{""company_name"": ""安徽鲜时达食品配送有限公司"", ""legal_rep"": ""陈凤霞"", ""credit_code"": ""MA2WMCKM-X"", ""capital"": ""5000000"", ""est_date"": ""2021-01-22"", ""status"": ""存续"", ""address"": ""安徽省合肥市瑶海区大兴镇和平路北大兴周谷堆农产品物流园14幢商201室"", ""id"": 67.0, ""company_type"": ""有限责任公司(自然人独资)"", ""approval_date"": ""26/8/2021"", ""company_size"": ""小于50人"", ""business_scope"": ""食品配送服务；农业科技技术开发、技术咨询、技术服务、技术转让；农业信息咨询；农产品种植及销售；水产品养殖及销售；水果种植及销售；蔬菜种植、分拣及包装；餐饮服务（限分支机构经营）；食堂管理；散装食品、预包装食品、调味品、粮油、禽蛋、乳制品（含婴幼儿配方奶粉）、保健食品、鲜肉及制品、办公用品、日用百货销售；农业观光旅游服务及项目运营管理；卷烟零售；道路普通货运（除快递）。（依法须经批准的项目，经相关部门批准后方可开展经营活动）"", ""business_term"": ""2021-01-22至无固定期限"", ""source"": ""马克数据网"", ""taxpayer_id"": ""91340111MA2WMCKMXP"", ""reg_number"": ""340111000722047"", ""contact_phone"": ""13305519188"", ""email"": ""693668545@qq.com"", ""province"": ""安徽省"", ""city"": ""合肥市"", ""district"": ""瑶海区"", ""industry"": ""农业"", ""county"": ""瑶海区""}"
COMP_000067,马克数据网,合肥市瑶海区七鲜女鲜花店,李珊珊,2022-12-19,未知,个体工商户,340102601683389,92340102MA8PUA048D,2022-12-19至无固定期限,MA8PUA04-8,存续,安徽省合肥市瑶海区瑶海区当涂路169号金桂园2幢102室,安徽省,合肥市,瑶海区,农业,一般项目：礼品花卉销售；日用百货销售；农副产品销售；工艺美术品及礼仪用品销售（象牙及其制品除外）；花卉绿植租借与代管理；互联网销售（除销售需要许可的商品）（除许可业务外，可自主依法经营法律法规非禁止或限制的项目）,"{""company_name"": ""合肥市瑶海区七鲜女鲜花店"", ""legal_rep"": ""李珊珊"", ""credit_code"": ""MA8PUA04-8"", ""est_date"": ""2022-12-19"", ""status"": ""存续"", ""address"": ""安徽省合肥市瑶海区瑶海区当涂路169号金桂园2幢102室"", ""id"": 68.0, ""company_type"": ""个体工商户"", ""approval_date"": ""19/12/2022"", ""business_scope"": ""一般项目：礼品花卉销售；日用百货销售；农副产品销售；工艺美术品及礼仪用品销售（象牙及其制品除外）；花卉绿植租借与代管理；互联网销售（除销售需要许可的商品）（除许可业务外，可自主依法经营法律法规非禁止或限制的项目）"", ""business_term"": ""2022-12-19至无固定期限"", ""source"": ""马克数据网"", ""taxpayer_id"": ""92340102MA8PUA048D"", ""reg_number"": ""340102601683389"", ""province"": ""安徽省"", ""city"": ""合肥市"", ""district"": ""瑶海区"", ""industry"": ""农业"", ""county"": ""瑶海区""}"
COMP_000068,马克数据网,合肥市瑶海区穗荷种子经营部,曾飞,2021-10-27,未知,个体工商户,340102601429339,92340102MA8NBJD231,2021-10-27至无固定期限,MA8NBJD2-3,开业,安徽省合肥市瑶海区龙岗路与长临路交口西北云溪湾12幢1104,安徽省,合肥市,瑶海区,农业,许可项目：农作物种子经营；农药零售（依法须经批准的项目，经相关部门批准后方可开展经营活动）一般项目：肥料销售；饲料原料销售；畜牧渔业饲料销售；农副产品销售；食用农产品零售；食品销售（仅销售预包装食品）；新鲜水果批发；新鲜蔬菜零售；鲜肉零售；鲜蛋零售（除许可业务外，可自主依法经营法律法规非禁止或限制的项目）,"{""company_name"": ""合肥市瑶海区穗荷种子经营部"", ""legal_rep"": ""曾飞"", ""credit_code"": ""MA8NBJD2-3"", ""est_date"": ""2021-10-27"", ""status"": ""开业"", ""address"": ""安徽省合肥市瑶海区龙岗路与长临路交口西北云溪湾12幢1104"", ""id"": 69.0, ""company_type"": ""个体工商户"", ""approval_date"": ""27/10/2021"", ""business_scope"": ""许可项目：农作物种子经营；农药零售（依法须经批准的项目，经相关部门批准后方可开展经营活动）一般项目：肥料销售；饲料原料销售；畜牧渔业饲料销售；农副产品销售；食用农产品零售；食品销售（仅销售预包装食品）；新鲜水果批发；新鲜蔬菜零售；鲜肉零售；鲜蛋零售（除许可业务外，可自主依法经营法律法规非禁止或限制的项目）"", ""business_term"": ""2021-10-27至无固定期限"", ""source"": ""马克数据网"", ""taxpayer_id"": ""92340102MA8NBJD231"", ""reg_number"": ""340102601429339"", ""province"": ""安徽省"", ""city"": ""合肥市"", ""district"": ""瑶海区"", ""industry"": ""农业"", ""county"": ""瑶海区""}"
COMP_000069,马克数据网,合肥市瑶海区飞飞多肉农资经营部,顾晨辉,2020-05-25,未知,个体工商户,340102601140362,92340102MA2UTK5P7Q,2020-05-25至无固定期限,MA2UTK5P-7,存续,合肥市瑶海区城东街道中天左岸广场B座803室,安徽省,合肥市,瑶海区,农业,化肥批发；花卉零售(含互联网零售)；花卉种植；微生物农药（除剧毒）批发（含互联网批发）；种子批发（含互联网批发）；百货零售(含互联网零售)；日用百货网上销售（依法须经批准的项目，经相关部门批准后方可开展经营活动）,"{""company_name"": ""合肥市瑶海区飞飞多肉农资经营部"", ""legal_rep"": ""顾晨辉"", ""credit_code"": ""MA2UTK5P-7"", ""est_date"": ""2020-05-25"", ""status"": ""存续"", ""address"": ""合肥市瑶海区城东街道中天左岸广场B座803室"", ""id"": 70.0, ""company_type"": ""个体工商户"", ""approval_date"": ""25/5/2020"", ""business_scope"": ""化肥批发；花卉零售(含互联网零售)；花卉种植；微生物农药（除剧毒）批发（含互联网批发）；种子批发（含互联网批发）；百货零售(含互联网零售)；日用百货网上销售（依法须经批准的项目，经相关部门批准后方可开展经营活动）"", ""business_term"": ""2020-05-25至无固定期限"", ""source"": ""马克数据网"", ""taxpayer_id"": ""92340102MA2UTK5P7Q"", ""reg_number"": ""340102601140362"", ""contact_phone"": ""0551-64294676"", ""province"": ""安徽省"", ""city"": ""合肥市"", ""district"": ""瑶海区"", ""industry"": ""农业"", ""county"": ""瑶海区""}"
COMP_000070,马克数据网,合肥市瑶海区青悦种植家庭农场,张勇,2022-08-11,50000,个体工商户,340102601608401,92340102MA8PBJLJ52,2022-08-11至无固定期限,MA8PBJLJ-5,存续,安徽省合肥市瑶海区站前路中绿广场二期1311号,安徽省,合肥市,瑶海区,农业,一般项目：蔬菜种植；园艺产品种植；花卉种植；水果种植；农作物栽培服务（除许可业务外，可自主依法经营法律法规非禁止或限制的项目）,"{""company_name"": ""合肥市瑶海区青悦种植家庭农场"", ""legal_rep"": ""张勇"", ""credit_code"": ""MA8PBJLJ-5"", ""capital"": ""50000"", ""est_date"": ""2022-08-11"", ""status"": ""存续"", ""address"": ""安徽省合肥市瑶海区站前路中绿广场二期1311号"", ""id"": 71.0, ""company_type"": ""个体工商户"", ""approval_date"": ""11/8/2022"", ""business_scope"": ""一般项目：蔬菜种植；园艺产品种植；花卉种植；水果种植；农作物栽培服务（除许可业务外，可自主依法经营法律法规非禁止或限制的项目）"", ""business_term"": ""2022-08-11至无固定期限"", ""source"": ""马克数据网"", ""taxpayer_id"": ""92340102MA8PBJLJ52"", ""reg_number"": ""340102601608401"", ""province"": ""安徽省"", ""city"": ""合肥市"", ""district"": ""瑶海区"", ""industry"": ""农业"", ""county"": ""瑶海区""}"
COMP_000071,马克数据网,朱正平,朱正平,2021-02-03,20000,个体工商户,620802600209378,92340102MA2WNJHW7E,未知,MA2WNJHW-7,存续,合肥市瑶海区凤阳东路与天长路交口2幢103室,安徽省,合肥市,瑶海区,农业,鲜花、绿植、盆景、花瓶销售。（依法须经批准的项目，经相关部门批准后方可开展经营活动）,"{""company_name"": ""朱正平"", ""legal_rep"": ""朱正平"", ""credit_code"": ""MA2WNJHW-7"", ""capital"": ""20000"", ""est_date"": ""2021-02-03"", ""status"": ""存续"", ""address"": ""合肥市瑶海区凤阳东路与天长路交口2幢103室"", ""id"": 72.0, ""company_type"": ""个体工商户"", ""approval_date"": ""3/2/2021"", ""business_scope"": ""鲜花、绿植、盆景、花瓶销售。（依法须经批准的项目，经相关部门批准后方可开展经营活动）"", ""source"": ""马克数据网"", ""taxpayer_id"": ""92340102MA2WNJHW7E"", ""reg_number"": ""620802600209378"", ""contact_phone"": ""15956202697"", ""province"": ""安徽省"", ""city"": ""合肥市"", ""district"": ""瑶海区"", ""industry"": ""农业"", ""county"": ""瑶海区""}"
COMP_000072,马克数据网,合肥市瑶海区艺勤花卉经营部,仇多善,2022-04-20,未知,个体工商户,340102601543388,92340102MA8NY9YX92,2022-04-20至无固定期限,MA8NY9YX-9,存续,安徽省合肥市瑶海区明光路裕丰花市D区56号旁边巷道14号,安徽省,合肥市,瑶海区,农业,一般项目：花卉种植；礼品花卉销售；工艺美术品及收藏品批发（象牙及其制品除外）；工艺美术品及收藏品零售（象牙及其制品除外）；工艺美术品及礼仪用品销售（象牙及其制品除外）（除许可业务外，可自主依法经营法律法规非禁止或限制的项目）,"{""company_name"": ""合肥市瑶海区艺勤花卉经营部"", ""legal_rep"": ""仇多善"", ""credit_code"": ""MA8NY9YX-9"", ""est_date"": ""2022-04-20"", ""status"": ""存续"", ""address"": ""安徽省合肥市瑶海区明光路裕丰花市D区56号旁边巷道14号"", ""id"": 73.0, ""company_type"": ""个体工商户"", ""approval_date"": ""20/4/2022"", ""business_scope"": ""一般项目：花卉种植；礼品花卉销售；工艺美术品及收藏品批发（象牙及其制品除外）；工艺美术品及收藏品零售（象牙及其制品除外）；工艺美术品及礼仪用品销售（象牙及其制品除外）（除许可业务外，可自主依法经营法律法规非禁止或限制的项目）"", ""business_term"": ""2022-04-20至无固定期限"", ""source"": ""马克数据网"", ""taxpayer_id"": ""92340102MA8NY9YX92"", ""reg_number"": ""340102601543388"", ""province"": ""安徽省"", ""city"": ""合肥市"", ""district"": ""瑶海区"", ""industry"": ""农业"", ""county"": ""瑶海区""}"
COMP_000073,马克数据网,安徽杰琦蓁农业发展有限公司,沈子林,2021-07-12,10000000,有限责任公司(自然人投资或控股),340102000455966,91340102MA8N0AFC3T,2021-07-12至无固定期限,MA8N0AFC-3,存续,安徽省合肥市瑶海区临淮路锦绣嘉苑2栋2003室,安徽省,合肥市,瑶海区,农业,一般项目：农业科学研究和试验发展；食用农产品零售；初级农产品收购；食品经营（仅销售预包装食品）；鲜肉零售；鲜蛋零售；水产品零售；新鲜蔬菜零售；日用百货销售；技术服务、技术开发、技术咨询、技术交流、技术转让、技术推广（除许可业务外，可自主依法经营法律法规非禁止或限制的项目）许可项目：食品经营（销售散装食品）；保健食品销售（依法须经批准的项目，经相关部门批准后方可开展经营活动）,"{""company_name"": ""安徽杰琦蓁农业发展有限公司"", ""legal_rep"": ""沈子林"", ""credit_code"": ""MA8N0AFC-3"", ""capital"": ""10000000"", ""est_date"": ""2021-07-12"", ""status"": ""存续"", ""address"": ""安徽省合肥市瑶海区临淮路锦绣嘉苑2栋2003室"", ""id"": 74.0, ""company_type"": ""有限责任公司(自然人投资或控股)"", ""approval_date"": ""12/7/2021"", ""business_scope"": ""一般项目：农业科学研究和试验发展；食用农产品零售；初级农产品收购；食品经营（仅销售预包装食品）；鲜肉零售；鲜蛋零售；水产品零售；新鲜蔬菜零售；日用百货销售；技术服务、技术开发、技术咨询、技术交流、技术转让、技术推广（除许可业务外，可自主依法经营法律法规非禁止或限制的项目）许可项目：食品经营（销售散装食品）；保健食品销售（依法须经批准的项目，经相关部门批准后方可开展经营活动）"", ""business_term"": ""2021-07-12至无固定期限"", ""source"": ""马克数据网"", ""taxpayer_id"": ""91340102MA8N0AFC3T"", ""reg_number"": ""340102000455966"", ""contact_phone"": ""15658459666"", ""email"": ""15658459666@qq.com"", ""province"": ""安徽省"", ""city"": ""合肥市"", ""district"": ""瑶海区"", ""industry"": ""农业"", ""county"": ""瑶海区""}"
COMP_000074,马克数据网,合肥市瑶海区恩熙业务日用百货店,王郑,2022-11-18,200000,个体工商户,340102601660254,92340102MA8PPT384T,2022-11-18至无固定期限,MA8PPT38-4,存续,安徽省合肥市瑶海区城东街道裕溪路华裕家园17栋113-114号,安徽省,合肥市,瑶海区,农业,一般项目：日用百货销售；农副产品销售；食品销售（仅销售预包装食品）；新鲜蔬菜批发；食用农产品批发；新鲜水果批发；蔬菜种植；谷物种植；豆类种植；薯类种植；树木种植经营；水果种植；花卉种植；农业机械销售；农、林、牧、副、渔业专业机械的销售；水产品批发；水产品零售；服装、服饰检验、整理服务；电子产品销售（除许可业务外，可自主依法经营法律法规非禁止或限制的项目）,"{""company_name"": ""合肥市瑶海区恩熙业务日用百货店"", ""legal_rep"": ""王郑"", ""credit_code"": ""MA8PPT38-4"", ""capital"": ""200000"", ""est_date"": ""2022-11-18"", ""status"": ""存续"", ""address"": ""安徽省合肥市瑶海区城东街道裕溪路华裕家园17栋113-114号"", ""id"": 75.0, ""company_type"": ""个体工商户"", ""approval_date"": ""18/11/2022"", ""business_scope"": ""一般项目：日用百货销售；农副产品销售；食品销售（仅销售预包装食品）；新鲜蔬菜批发；食用农产品批发；新鲜水果批发；蔬菜种植；谷物种植；豆类种植；薯类种植；树木种植经营；水果种植；花卉种植；农业机械销售；农、林、牧、副、渔业专业机械的销售；水产品批发；水产品零售；服装、服饰检验、整理服务；电子产品销售（除许可业务外，可自主依法经营法律法规非禁止或限制的项目）"", ""business_term"": ""2022-11-18至无固定期限"", ""source"": ""马克数据网"", ""taxpayer_id"": ""92340102MA8PPT384T"", ""reg_number"": ""340102601660254"", ""province"": ""安徽省"", ""city"": ""合肥市"", ""district"": ""瑶海区"", ""industry"": ""农业"", ""county"": ""瑶海区""}"
COMP_000075,马克数据网,合肥瑶海区荷兰欧仕花卉店,黄用亮,2010-05-12,10,个体工商户,340102600124775,92340102MA2NNQPG83,2010-05-12至无固定期限,MA2NNQPG-8,存续,合肥市瑶海区东一环路裕丰花市D区36号、E-42#上、E-43#上、道板18、场地22、场地26、花架36、花架37、花架38、花架39、花架40,安徽省,合肥市,瑶海区,农业,一般项目：肥料销售；礼品花卉销售；花卉绿植租借与代管理（除许可业务外，可自主依法经营法律法规非禁止或限制的项目）,"{""company_name"": ""合肥瑶海区荷兰欧仕花卉店"", ""legal_rep"": ""黄用亮"", ""credit_code"": ""MA2NNQPG-8"", ""capital"": ""10"", ""est_date"": ""2010-05-12"", ""status"": ""存续"", ""address"": ""合肥市瑶海区东一环路裕丰花市D区36号、E-42#上、E-43#上、道板18、场地22、场地26、花架36、花架37、花架38、花架39、花架40"", ""id"": 76.0, ""company_type"": ""个体工商户"", ""approval_date"": ""24/4/2022"", ""business_scope"": ""一般项目：肥料销售；礼品花卉销售；花卉绿植租借与代管理（除许可业务外，可自主依法经营法律法规非禁止或限制的项目）"", ""business_term"": ""2010-05-12至无固定期限"", ""source"": ""马克数据网"", ""taxpayer_id"": ""92340102MA2NNQPG83"", ""reg_number"": ""340102600124775"", ""contact_phone"": ""13966742292;18010868870"", ""province"": ""安徽省"", ""city"": ""合肥市"", ""district"": ""瑶海区"", ""industry"": ""农业"", ""county"": ""瑶海区""}"
COMP_000076,马克数据网,合肥市瑶海区盛达强蔬菜经营部,郭云电,2022-05-30,未知,个体工商户,340102601568184,92340102MA8P3EXU4G,2022-05-30至无固定期限,MA8P3EXU-4,存续,安徽省合肥市瑶海区大兴镇钟油坊路周谷堆大兴农产品国际物流园内蔬菜交易中心A15栋20-21号,安徽省,合肥市,瑶海区,农业,一般项目：农副产品销售；蔬菜种植（除许可业务外，可自主依法经营法律法规非禁止或限制的项目）,"{""company_name"": ""合肥市瑶海区盛达强蔬菜经营部"", ""legal_rep"": ""郭云电"", ""credit_code"": ""MA8P3EXU-4"", ""est_date"": ""2022-05-30"", ""status"": ""存续"", ""address"": ""安徽省合肥市瑶海区大兴镇钟油坊路周谷堆大兴农产品国际物流园内蔬菜交易中心A15栋20-21号"", ""id"": 77.0, ""company_type"": ""个体工商户"", ""approval_date"": ""22/7/2022"", ""business_scope"": ""一般项目：农副产品销售；蔬菜种植（除许可业务外，可自主依法经营法律法规非禁止或限制的项目）"", ""business_term"": ""2022-05-30至无固定期限"", ""source"": ""马克数据网"", ""taxpayer_id"": ""92340102MA8P3EXU4G"", ""reg_number"": ""340102601568184"", ""province"": ""安徽省"", ""city"": ""合肥市"", ""district"": ""瑶海区"", ""industry"": ""农业"", ""county"": ""瑶海区""}"
COMP_000077,马克数据网,合肥市瑶海区清莳鲜花店,王世美,2021-05-11,未知,个体工商户,340102601335848,92340102MA8LHGDA1X,未知,MA8LHGDA1,注销,合肥市瑶海区临泉路惠园105,安徽省,合肥市,瑶海区,农业,一般项目：礼品花卉销售；花卉绿植租借与代管理（除许可业务外，可自主依法经营法律法规非禁止或限制的项目）（依法须经批准的项目，经相关部门批准后方可开展经营活动）,"{""company_name"": ""合肥市瑶海区清莳鲜花店"", ""legal_rep"": ""王世美"", ""credit_code"": ""MA8LHGDA1"", ""est_date"": ""2021-05-11"", ""status"": ""注销"", ""address"": ""合肥市瑶海区临泉路惠园105"", ""id"": 78.0, ""company_type"": ""个体工商户"", ""approval_date"": ""26/11/2021"", ""business_scope"": ""一般项目：礼品花卉销售；花卉绿植租借与代管理（除许可业务外，可自主依法经营法律法规非禁止或限制的项目）（依法须经批准的项目，经相关部门批准后方可开展经营活动）"", ""source"": ""马克数据网"", ""taxpayer_id"": ""92340102MA8LHGDA1X"", ""reg_number"": ""340102601335848"", ""province"": ""安徽省"", ""city"": ""合肥市"", ""district"": ""瑶海区"", ""industry"": ""农业"", ""county"": ""瑶海区""}"
COMP_000078,马克数据网,合肥市昌福食用菌有限公司,吴昌好,2019-11-11,3000000,有限责任公司(自然人投资或控股),340102000260691,91340102MA2U9UGX01,2019-11-11至2049-11-11,MA2U9UGX-0,吊销，未注销,安徽省合肥市瑶海区周谷堆大兴农产品国际物流园内蔬菜交易中心的菌菇区A9栋21号,安徽省,合肥市,瑶海区,农业,"食用菌种植，预包装食品零售,散装食品零售,果品、蔬菜批发,其他食品批发,蔬菜零售,农副产品零售（依法须经批准的项目，经相关部门批准后方可开展经营活动）","{""company_name"": ""合肥市昌福食用菌有限公司"", ""legal_rep"": ""吴昌好"", ""credit_code"": ""MA2U9UGX-0"", ""capital"": ""3000000"", ""est_date"": ""2019-11-11"", ""status"": ""吊销，未注销"", ""address"": ""安徽省合肥市瑶海区周谷堆大兴农产品国际物流园内蔬菜交易中心的菌菇区A9栋21号"", ""id"": 79.0, ""company_type"": ""有限责任公司(自然人投资或控股)"", ""approval_date"": ""22/3/2021"", ""business_scope"": ""食用菌种植，预包装食品零售,散装食品零售,果品、蔬菜批发,其他食品批发,蔬菜零售,农副产品零售（依法须经批准的项目，经相关部门批准后方可开展经营活动）"", ""business_term"": ""2019-11-11至2049-11-11"", ""source"": ""马克数据网"", ""taxpayer_id"": ""91340102MA2U9UGX01"", ""reg_number"": ""340102000260691"", ""province"": ""安徽省"", ""city"": ""合肥市"", ""district"": ""瑶海区"", ""industry"": ""农业"", ""county"": ""瑶海区""}"
COMP_000079,马克数据网,合肥瑶海区陈冠群鲜花店,陈冠群,2019-01-11,未知,个体工商户,340102600914438,92340102MA2TDRWD1J,2019-01-11至无固定期限,MA2TDRWD-1,注销,合肥市瑶海区土山路1号,安徽省,合肥市,瑶海区,农业,鲜花销售。（依法须经批准的项目，经相关部门批准后方可开展经营活动）,"{""company_name"": ""合肥瑶海区陈冠群鲜花店"", ""legal_rep"": ""陈冠群"", ""credit_code"": ""MA2TDRWD-1"", ""est_date"": ""2019-01-11"", ""status"": ""注销"", ""address"": ""合肥市瑶海区土山路1号"", ""id"": 80.0, ""company_type"": ""个体工商户"", ""approval_date"": ""23/5/2019"", ""business_scope"": ""鲜花销售。（依法须经批准的项目，经相关部门批准后方可开展经营活动）"", ""business_term"": ""2019-01-11至无固定期限"", ""source"": ""马克数据网"", ""taxpayer_id"": ""92340102MA2TDRWD1J"", ""reg_number"": ""340102600914438"", ""contact_phone"": ""13470741066"", ""province"": ""安徽省"", ""city"": ""合肥市"", ""district"": ""瑶海区"", ""industry"": ""农业"", ""county"": ""瑶海区""}"
COMP_000080,马克数据网,合肥市瑶海区暖香花卉店,高思慧,2023-03-01,未知,个体工商户,340102601736520,92340102MA8Q3UQ5XB,2023-03-01至无固定期限,MA8Q3UQ5-X,存续,安徽省合肥市瑶海区明光路与胜利路交口恒大中央广场B区一单元304室,安徽省,合肥市,瑶海区,农业,一般项目：礼品花卉销售；工艺美术品及礼仪用品销售（象牙及其制品除外）；礼仪服务；婚庆礼仪服务；水泥制品销售；日用陶瓷制品销售；花卉绿植租借与代管理；互联网销售（除销售需要许可的商品）；个人互联网直播服务；肥料销售；城市绿化管理；规划设计管理（除许可业务外，可自主依法经营法律法规非禁止或限制的项目）,"{""company_name"": ""合肥市瑶海区暖香花卉店"", ""legal_rep"": ""高思慧"", ""credit_code"": ""MA8Q3UQ5-X"", ""est_date"": ""2023-03-01"", ""status"": ""存续"", ""address"": ""安徽省合肥市瑶海区明光路与胜利路交口恒大中央广场B区一单元304室"", ""id"": 81.0, ""company_type"": ""个体工商户"", ""approval_date"": ""1/3/2023"", ""business_scope"": ""一般项目：礼品花卉销售；工艺美术品及礼仪用品销售（象牙及其制品除外）；礼仪服务；婚庆礼仪服务；水泥制品销售；日用陶瓷制品销售；花卉绿植租借与代管理；互联网销售（除销售需要许可的商品）；个人互联网直播服务；肥料销售；城市绿化管理；规划设计管理（除许可业务外，可自主依法经营法律法规非禁止或限制的项目）"", ""business_term"": ""2023-03-01至无固定期限"", ""source"": ""马克数据网"", ""taxpayer_id"": ""92340102MA8Q3UQ5XB"", ""reg_number"": ""340102601736520"", ""province"": ""安徽省"", ""city"": ""合肥市"", ""district"": ""瑶海区"", ""industry"": ""农业"", ""county"": ""瑶海区""}"
COMP_000081,马克数据网,合肥市瑶海区霸总蔬菜商行,陈南福,2019-09-30,未知,个体工商户,340102601038044,92340102MA2U5NHG7Q,未知,MA2U5NHG7,注销,安徽省合肥市瑶海区合肥周谷堆大兴农产品国际物流园交易中心A区39号,安徽省,合肥市,瑶海区,农业,蔬菜种植及销售。（依法须经批准的项目，经相关部门批准后方可开展经营活动）,"{""company_name"": ""合肥市瑶海区霸总蔬菜商行"", ""legal_rep"": ""陈南福"", ""credit_code"": ""MA2U5NHG7"", ""est_date"": ""2019-09-30"", ""status"": ""注销"", ""address"": ""安徽省合肥市瑶海区合肥周谷堆大兴农产品国际物流园交易中心A区39号"", ""id"": 82.0, ""company_type"": ""个体工商户"", ""approval_date"": ""14/12/2020"", ""business_scope"": ""蔬菜种植及销售。（依法须经批准的项目，经相关部门批准后方可开展经营活动）"", ""source"": ""马克数据网"", ""taxpayer_id"": ""92340102MA2U5NHG7Q"", ""reg_number"": ""340102601038044"", ""province"": ""安徽省"", ""city"": ""合肥市"", ""district"": ""瑶海区"", ""industry"": ""农业"", ""county"": ""瑶海区""}"
COMP_000082,马克数据网,吕伦梅,吕伦梅,2018-07-31,未知,个体工商户,340102600842507,92340102MA2RXX8Y42,2018-07-31至无固定期限,MA2RXX8Y-4,存续,合肥市瑶海区铜陵路338号3号楼11号,安徽省,合肥市,瑶海区,农业,蔬菜、调味品（依法须经批准的项目，经相关部门批准后方可开展经营活动）,"{""company_name"": ""吕伦梅"", ""legal_rep"": ""吕伦梅"", ""credit_code"": ""MA2RXX8Y-4"", ""est_date"": ""2018-07-31"", ""status"": ""存续"", ""address"": ""合肥市瑶海区铜陵路338号3号楼11号"", ""id"": 83.0, ""company_type"": ""个体工商户"", ""approval_date"": ""31/7/2018"", ""business_scope"": ""蔬菜、调味品（依法须经批准的项目，经相关部门批准后方可开展经营活动）"", ""business_term"": ""2018-07-31至无固定期限"", ""source"": ""马克数据网"", ""taxpayer_id"": ""92340102MA2RXX8Y42"", ""reg_number"": ""340102600842507"", ""contact_phone"": ""17718104394"", ""province"": ""安徽省"", ""city"": ""合肥市"", ""district"": ""瑶海区"", ""industry"": ""农业"", ""county"": ""瑶海区""}"
COMP_000083,马克数据网,合肥鑫涛蔬菜有限公司,胡珍珍,2012-09-25,1000000,有限责任公司(自然人投资或控股),370783200037990,91370783054961421U,2012-09-25至无固定期限,05496142-1,存续,合肥市新站区新汴河路安徽省瑶海家具制造有限公司3号厂房101、102室,安徽省,合肥市,瑶海区,农业,新鲜蔬菜、新鲜水果、服装服饰、鞋帽、体育用品及器材、化妆品、宠物食品及用品、电子元器件、建筑装饰材料、纸制品、家居用品、日用百货、竹制品、日用木制品、金属制品、塑料制品销售。（依法须经批准的项目，经相关部门批准后方可开展经营活动）,"{""company_name"": ""合肥鑫涛蔬菜有限公司"", ""legal_rep"": ""胡珍珍"", ""credit_code"": ""05496142-1"", ""capital"": ""1000000"", ""est_date"": ""2012-09-25"", ""status"": ""存续"", ""address"": ""合肥市新站区新汴河路安徽省瑶海家具制造有限公司3号厂房101、102室"", ""id"": 84.0, ""company_type"": ""有限责任公司(自然人投资或控股)"", ""approval_date"": ""27/1/2022"", ""business_scope"": ""新鲜蔬菜、新鲜水果、服装服饰、鞋帽、体育用品及器材、化妆品、宠物食品及用品、电子元器件、建筑装饰材料、纸制品、家居用品、日用百货、竹制品、日用木制品、金属制品、塑料制品销售。（依法须经批准的项目，经相关部门批准后方可开展经营活动）"", ""business_term"": ""2012-09-25至无固定期限"", ""source"": ""马克数据网"", ""taxpayer_id"": ""91370783054961421U"", ""reg_number"": ""370783200037990"", ""contact_phone"": ""0536-5002154;0536-5481107;13780805106;13966663535;15169630526"", ""email"": ""823350011@qq.com|5002154@163.com|ssdj@163.com|15169630526@qq.com|13953650659@qq.com"", ""province"": ""安徽省"", ""city"": ""合肥市"", ""district"": ""瑶海区"", ""industry"": ""农业"", ""county"": ""新站区""}"
COMP_000084,马克数据网,合肥市瑶海区装浮花卉店,左瑶,2021-12-01,未知,个体工商户,340102601450085,92340102MA8NFRN12H,未知,MA8NFRN12,存续,安徽省合肥市瑶海区明光路46号东方大厦806室,安徽省,合肥市,瑶海区,农业,一般项目：棉花种植；礼品花卉销售；互联网销售（除销售需要许可的商品）（除许可业务外，可自主依法经营法律法规非禁止或限制的项目）,"{""company_name"": ""合肥市瑶海区装浮花卉店"", ""legal_rep"": ""左瑶"", ""credit_code"": ""MA8NFRN12"", ""est_date"": ""2021-12-01"", ""status"": ""存续"", ""address"": ""安徽省合肥市瑶海区明光路46号东方大厦806室"", ""id"": 85.0, ""company_type"": ""个体工商户"", ""approval_date"": ""30/3/2022"", ""business_scope"": ""一般项目：棉花种植；礼品花卉销售；互联网销售（除销售需要许可的商品）（除许可业务外，可自主依法经营法律法规非禁止或限制的项目）"", ""source"": ""马克数据网"", ""taxpayer_id"": ""92340102MA8NFRN12H"", ""reg_number"": ""340102601450085"", ""province"": ""安徽省"", ""city"": ""合肥市"", ""district"": ""瑶海区"", ""industry"": ""农业"", ""county"": ""瑶海区""}"
COMP_000085,马克数据网,合肥市瑶海区星雨星空花店,赵官华,2019-07-18,未知,个体工商户,340102600999115,92340102MA2TXL3P8C,2019-07-18至无固定期限,MA2TXL3P-8,存续,合肥市瑶海区新蚌埠路64号1栋202,安徽省,合肥市,瑶海区,农业,花卉种植（依法须经批准的项目，经相关部门批准后方可开展经营活动）,"{""company_name"": ""合肥市瑶海区星雨星空花店"", ""legal_rep"": ""赵官华"", ""credit_code"": ""MA2TXL3P-8"", ""est_date"": ""2019-07-18"", ""status"": ""存续"", ""address"": ""合肥市瑶海区新蚌埠路64号1栋202"", ""id"": 86.0, ""company_type"": ""个体工商户"", ""approval_date"": ""18/7/2019"", ""business_scope"": ""花卉种植（依法须经批准的项目，经相关部门批准后方可开展经营活动）"", ""business_term"": ""2019-07-18至无固定期限"", ""source"": ""马克数据网"", ""taxpayer_id"": ""92340102MA2TXL3P8C"", ""reg_number"": ""340102600999115"", ""contact_phone"": ""18956039846"", ""province"": ""安徽省"", ""city"": ""合肥市"", ""district"": ""瑶海区"", ""industry"": ""农业"", ""county"": ""瑶海区""}"
COMP_000086,马克数据网,合肥市瑶海区勇娥农副产品销售经营部,刘勇娥,2023-03-21,未知,个体工商户,340102601763581,92340102MA8Q7BNN8U,2023-03-21至无固定期限,MA8Q7BNN-8,存续,安徽省合肥市瑶海区长江东路东城时代广场1幢办公楼、商业B座1207室,安徽省,合肥市,瑶海区,农业,一般项目：农副产品销售；新鲜蔬菜零售；谷物销售；新鲜蔬菜批发；食品销售（仅销售预包装食品）；鲜蛋批发；食用农产品批发；互联网销售（除销售需要许可的商品）；花卉绿植租借与代管理；食用农产品初加工；农作物秸秆处理及加工利用服务（除许可业务外，可自主依法经营法律法规非禁止或限制的项目）,"{""company_name"": ""合肥市瑶海区勇娥农副产品销售经营部"", ""legal_rep"": ""刘勇娥"", ""credit_code"": ""MA8Q7BNN-8"", ""est_date"": ""2023-03-21"", ""status"": ""存续"", ""address"": ""安徽省合肥市瑶海区长江东路东城时代广场1幢办公楼、商业B座1207室"", ""id"": 87.0, ""company_type"": ""个体工商户"", ""approval_date"": ""21/3/2023"", ""business_scope"": ""一般项目：农副产品销售；新鲜蔬菜零售；谷物销售；新鲜蔬菜批发；食品销售（仅销售预包装食品）；鲜蛋批发；食用农产品批发；互联网销售（除销售需要许可的商品）；花卉绿植租借与代管理；食用农产品初加工；农作物秸秆处理及加工利用服务（除许可业务外，可自主依法经营法律法规非禁止或限制的项目）"", ""business_term"": ""2023-03-21至无固定期限"", ""source"": ""马克数据网"", ""taxpayer_id"": ""92340102MA8Q7BNN8U"", ""reg_number"": ""340102601763581"", ""province"": ""安徽省"", ""city"": ""合肥市"", ""district"": ""瑶海区"", ""industry"": ""农业"", ""county"": ""瑶海区""}"
COMP_000087,马克数据网,合肥市瑶海区时光锦花卉店,吴看起,2019-09-26,未知,个体工商户,340102601035142,92340102MA2U578M58,2019-09-26至无固定期限,MA2U578M-5,存续,合肥市瑶海区长江东路与土山路福海新居H门面11号,安徽省,合肥市,瑶海区,农业,花卉种植（依法须经批准的项目，经相关部门批准后方可开展经营活动）,"{""company_name"": ""合肥市瑶海区时光锦花卉店"", ""legal_rep"": ""吴看起"", ""credit_code"": ""MA2U578M-5"", ""est_date"": ""2019-09-26"", ""status"": ""存续"", ""address"": ""合肥市瑶海区长江东路与土山路福海新居H门面11号"", ""id"": 88.0, ""company_type"": ""个体工商户"", ""approval_date"": ""26/9/2019"", ""business_scope"": ""花卉种植（依法须经批准的项目，经相关部门批准后方可开展经营活动）"", ""business_term"": ""2019-09-26至无固定期限"", ""source"": ""马克数据网"", ""taxpayer_id"": ""92340102MA2U578M58"", ""reg_number"": ""340102601035142"", ""contact_phone"": ""18201985717"", ""province"": ""安徽省"", ""city"": ""合肥市"", ""district"": ""瑶海区"", ""industry"": ""农业"", ""county"": ""瑶海区""}"
COMP_000088,马克数据网,合肥本勇果品有限公司,周本勇,2019-11-13,500000,有限责任公司(自然人投资或控股),340122000302204,91340122MA2UA5D84E,2019-11-13至无固定期限,MA2UA5D8-4,存续,安徽省合肥市瑶海区大兴镇周谷堆大兴农产品国际物流园内水果交易中心D1栋11号,安徽省,合肥市,瑶海区,农业,果品、蔬菜零售；枣、苹果、葡萄、西瓜、梨、桃、石榴、香蕉、蔬菜、瓜类蔬菜、豆类蔬菜种植。（依法须经批准的项目，经相关部门批准后方可开展经营活动）,"{""company_name"": ""合肥本勇果品有限公司"", ""legal_rep"": ""周本勇"", ""credit_code"": ""MA2UA5D8-4"", ""capital"": ""500000"", ""est_date"": ""2019-11-13"", ""status"": ""存续"", ""address"": ""安徽省合肥市瑶海区大兴镇周谷堆大兴农产品国际物流园内水果交易中心D1栋11号"", ""id"": 89.0, ""company_type"": ""有限责任公司(自然人投资或控股)"", ""approval_date"": ""10/8/2020"", ""business_scope"": ""果品、蔬菜零售；枣、苹果、葡萄、西瓜、梨、桃、石榴、香蕉、蔬菜、瓜类蔬菜、豆类蔬菜种植。（依法须经批准的项目，经相关部门批准后方可开展经营活动）"", ""business_term"": ""2019-11-13至无固定期限"", ""source"": ""马克数据网"", ""taxpayer_id"": ""91340122MA2UA5D84E"", ""reg_number"": ""340122000302204"", ""contact_phone"": ""13866148737;13966707789"", ""email"": ""1419093531@qq.com|3293435060@qq.com|854819183@qq.com"", ""province"": ""安徽省"", ""city"": ""合肥市"", ""district"": ""瑶海区"", ""industry"": ""农业"", ""county"": ""瑶海区""}"
COMP_000089,马克数据网,宣夕桥,宣夕桥,2009-07-01,未知,个体工商户,340122600128063,92340102MA2PAT090L,2009-07-01至无固定期限,MA2PAT09-0,存续,安徽省合肥市长江批发市场一期C5021号,安徽省,合肥市,瑶海区,农业,针织品销售,"{""company_name"": ""宣夕桥"", ""legal_rep"": ""宣夕桥"", ""credit_code"": ""MA2PAT09-0"", ""est_date"": ""2009-07-01"", ""status"": ""存续"", ""address"": ""安徽省合肥市长江批发市场一期C5021号"", ""id"": 90.0, ""company_type"": ""个体工商户"", ""approval_date"": ""12/7/2013"", ""business_scope"": ""针织品销售"", ""business_term"": ""2009-07-01至无固定期限"", ""source"": ""马克数据网"", ""taxpayer_id"": ""92340102MA2PAT090L"", ""reg_number"": ""340122600128063"", ""contact_phone"": ""0551-67679275"", ""province"": ""安徽省"", ""city"": ""合肥市"", ""district"": ""瑶海区"", ""industry"": ""农业""}"
COMP_000090,马克数据网,合肥瑶海区久和花居鲜花店,谢敏,2018-06-21,未知,个体工商户,340102600826518,92340102MA2RTPMK51,2018-06-21至无固定期限,MA2RTPMK-5,注销,合肥市瑶海区华府嘉园1幢103,安徽省,合肥市,瑶海区,农业,鲜花、仿真花、绿植、干花、盆景、花瓶销售。（依法须经批准的项目，经相关部门批准后方可开展经营活动）,"{""company_name"": ""合肥瑶海区久和花居鲜花店"", ""legal_rep"": ""谢敏"", ""credit_code"": ""MA2RTPMK-5"", ""est_date"": ""2018-06-21"", ""status"": ""注销"", ""address"": ""合肥市瑶海区华府嘉园1幢103"", ""id"": 91.0, ""company_type"": ""个体工商户"", ""approval_date"": ""24/9/2019"", ""business_scope"": ""鲜花、仿真花、绿植、干花、盆景、花瓶销售。（依法须经批准的项目，经相关部门批准后方可开展经营活动）"", ""business_term"": ""2018-06-21至无固定期限"", ""source"": ""马克数据网"", ""taxpayer_id"": ""92340102MA2RTPMK51"", ""reg_number"": ""340102600826518"", ""province"": ""安徽省"", ""city"": ""合肥市"", ""district"": ""瑶海区"", ""industry"": ""农业"", ""county"": ""瑶海区""}"
COMP_000091,马克数据网,合肥市瑶海区云外花舍鲜花工作室,钱信一,2022-07-28,80000,个体工商户,340102601601692,92340102MA8PA3ED2D,2022-07-28至无固定期限,MA8PA3ED-2,存续,安徽省合肥市瑶海区长江东路286号春暖花开小区10幢405,安徽省,合肥市,瑶海区,农业,一般项目：礼品花卉销售；日用百货销售；婚庆礼仪服务；工艺美术品及礼仪用品销售（象牙及其制品除外）；新鲜水果批发；新鲜水果零售；食品销售（仅销售预包装食品）；花卉绿植租借与代管理；城市绿化管理；包装服务；会议及展览服务；工艺美术品及收藏品零售（象牙及其制品除外）（除许可业务外，可自主依法经营法律法规非禁止或限制的项目）,"{""company_name"": ""合肥市瑶海区云外花舍鲜花工作室"", ""legal_rep"": ""钱信一"", ""credit_code"": ""MA8PA3ED-2"", ""capital"": ""80000"", ""est_date"": ""2022-07-28"", ""status"": ""存续"", ""address"": ""安徽省合肥市瑶海区长江东路286号春暖花开小区10幢405"", ""id"": 92.0, ""company_type"": ""个体工商户"", ""approval_date"": ""28/7/2022"", ""business_scope"": ""一般项目：礼品花卉销售；日用百货销售；婚庆礼仪服务；工艺美术品及礼仪用品销售（象牙及其制品除外）；新鲜水果批发；新鲜水果零售；食品销售（仅销售预包装食品）；花卉绿植租借与代管理；城市绿化管理；包装服务；会议及展览服务；工艺美术品及收藏品零售（象牙及其制品除外）（除许可业务外，可自主依法经营法律法规非禁止或限制的项目）"", ""business_term"": ""2022-07-28至无固定期限"", ""source"": ""马克数据网"", ""taxpayer_id"": ""92340102MA8PA3ED2D"", ""reg_number"": ""340102601601692"", ""province"": ""安徽省"", ""city"": ""合肥市"", ""district"": ""瑶海区"", ""industry"": ""农业"", ""county"": ""瑶海区""}"
COMP_000092,马克数据网,安徽蜜语农业科技有限公司,端祥丽,2019-03-26,5000000,有限责任公司(自然人投资或控股),340102000177500,91340102MA2TK0RG9A,2019-03-26至无固定期限,MA2TK0RG-9,存续,安徽省合肥市瑶海区大兴镇和平路与水东路交口百大东兴家园7栋804室,安徽省,合肥市,瑶海区,农业,农业领域内的技术开发、技术咨询、技术转让及技术服务；蜂产品、农副产品、肉类、蛋类、水产品、蔬菜、水果、预包装食品、散装食品销售（含网上）；电子商务信息咨询；农业项目投资；会务服务；展览展示服务；市场营销策划；自营或代理各类商品和技术的进出口业务（国家限定企业经营或禁止进出口的商品和技术除外）。（依法须经批准的项目，经相关部门批准后方可开展经营活动）,"{""company_name"": ""安徽蜜语农业科技有限公司"", ""legal_rep"": ""端祥丽"", ""credit_code"": ""MA2TK0RG-9"", ""capital"": ""5000000"", ""est_date"": ""2019-03-26"", ""status"": ""存续"", ""address"": ""安徽省合肥市瑶海区大兴镇和平路与水东路交口百大东兴家园7栋804室"", ""id"": 93.0, ""company_type"": ""有限责任公司(自然人投资或控股)"", ""approval_date"": ""26/3/2019"", ""business_scope"": ""农业领域内的技术开发、技术咨询、技术转让及技术服务；蜂产品、农副产品、肉类、蛋类、水产品、蔬菜、水果、预包装食品、散装食品销售（含网上）；电子商务信息咨询；农业项目投资；会务服务；展览展示服务；市场营销策划；自营或代理各类商品和技术的进出口业务（国家限定企业经营或禁止进出口的商品和技术除外）。（依法须经批准的项目，经相关部门批准后方可开展经营活动）"", ""business_term"": ""2019-03-26至无固定期限"", ""source"": ""马克数据网"", ""taxpayer_id"": ""91340102MA2TK0RG9A"", ""reg_number"": ""340102000177500"", ""contact_phone"": ""13222001248;15395107960;18355185505"", ""email"": ""18355185505@139.com|479736353@qq.com"", ""province"": ""安徽省"", ""city"": ""合肥市"", ""district"": ""瑶海区"", ""industry"": ""农业"", ""county"": ""瑶海区""}"
COMP_000093,马克数据网,安徽躺赢生态农业有限责任公司,陈杰,2018-08-08,5000000,有限责任公司(自然人投资或控股),340102000113886,91340102MA2RYLU68B,2018-08-08至无固定期限,MA2RYLU6-8,注销,安徽省合肥市瑶海区大兴镇兴集兴油路西150米工业园,安徽省,合肥市,瑶海区,农业,花卉、茶叶、蔬菜、水果、农作物种植及销售；农副产品生产、销售；养殖业、种植业、畜牧业的技术研发、技术推广（依法须经批准的项目，经相关部门批准后方可开展经营活动）,"{""company_name"": ""安徽躺赢生态农业有限责任公司"", ""legal_rep"": ""陈杰"", ""credit_code"": ""MA2RYLU6-8"", ""capital"": ""5000000"", ""est_date"": ""2018-08-08"", ""status"": ""注销"", ""address"": ""安徽省合肥市瑶海区大兴镇兴集兴油路西150米工业园"", ""id"": 94.0, ""company_type"": ""有限责任公司(自然人投资或控股)"", ""approval_date"": ""8/5/2020"", ""business_scope"": ""花卉、茶叶、蔬菜、水果、农作物种植及销售；农副产品生产、销售；养殖业、种植业、畜牧业的技术研发、技术推广（依法须经批准的项目，经相关部门批准后方可开展经营活动）"", ""business_term"": ""2018-08-08至无固定期限"", ""source"": ""马克数据网"", ""taxpayer_id"": ""91340102MA2RYLU68B"", ""reg_number"": ""340102000113886"", ""contact_phone"": ""13739288419"", ""email"": ""1291993095@qq.com"", ""province"": ""安徽省"", ""city"": ""合肥市"", ""district"": ""瑶海区"", ""industry"": ""农业"", ""county"": ""瑶海区""}"
COMP_000094,马克数据网,合肥市瑶海区依好花店,田义好,2019-08-13,未知,个体工商户,340102601010820,92340102MA2U0RL3XF,2019-08-13至无固定期限,MA2U0RL3-X,存续,合肥市瑶海区临泉路186号,安徽省,合肥市,瑶海区,农业,花卉种植（依法须经批准的项目，经相关部门批准后方可开展经营活动）,"{""company_name"": ""合肥市瑶海区依好花店"", ""legal_rep"": ""田义好"", ""credit_code"": ""MA2U0RL3-X"", ""est_date"": ""2019-08-13"", ""status"": ""存续"", ""address"": ""合肥市瑶海区临泉路186号"", ""id"": 95.0, ""company_type"": ""个体工商户"", ""approval_date"": ""13/8/2019"", ""business_scope"": ""花卉种植（依法须经批准的项目，经相关部门批准后方可开展经营活动）"", ""business_term"": ""2019-08-13至无固定期限"", ""source"": ""马克数据网"", ""taxpayer_id"": ""92340102MA2U0RL3XF"", ""reg_number"": ""340102601010820"", ""contact_phone"": ""13063212317"", ""province"": ""安徽省"", ""city"": ""合肥市"", ""district"": ""瑶海区"", ""industry"": ""农业"", ""county"": ""瑶海区""}"
COMP_000095,马克数据网,合肥市瑶海区十月花店鲜花工作室,刘浩,2022-06-02,未知,个体工商户,340102601570513,92340102MA8P3XLL6Q,2022-06-02至无固定期限,MA8P3XLL-6,存续,安徽省合肥市瑶海区新安江路静安新城北区6栋205室,安徽省,合肥市,瑶海区,农业,一般项目：礼品花卉销售；新鲜水果批发；新鲜水果零售；花卉种植；婚庆礼仪服务；工艺美术品及收藏品批发（象牙及其制品除外）；工艺美术品及收藏品零售（象牙及其制品除外）（除许可业务外，可自主依法经营法律法规非禁止或限制的项目）许可项目：食品销售（依法须经批准的项目，经相关部门批准后方可开展经营活动，具体经营项目以相关部门批准文件或许可证件为准）,"{""company_name"": ""合肥市瑶海区十月花店鲜花工作室"", ""legal_rep"": ""刘浩"", ""credit_code"": ""MA8P3XLL-6"", ""est_date"": ""2022-06-02"", ""status"": ""存续"", ""address"": ""安徽省合肥市瑶海区新安江路静安新城北区6栋205室"", ""id"": 96.0, ""company_type"": ""个体工商户"", ""approval_date"": ""2/6/2022"", ""business_scope"": ""一般项目：礼品花卉销售；新鲜水果批发；新鲜水果零售；花卉种植；婚庆礼仪服务；工艺美术品及收藏品批发（象牙及其制品除外）；工艺美术品及收藏品零售（象牙及其制品除外）（除许可业务外，可自主依法经营法律法规非禁止或限制的项目）许可项目：食品销售（依法须经批准的项目，经相关部门批准后方可开展经营活动，具体经营项目以相关部门批准文件或许可证件为准）"", ""business_term"": ""2022-06-02至无固定期限"", ""source"": ""马克数据网"", ""taxpayer_id"": ""92340102MA8P3XLL6Q"", ""reg_number"": ""340102601570513"", ""province"": ""安徽省"", ""city"": ""合肥市"", ""district"": ""瑶海区"", ""industry"": ""农业"", ""county"": ""瑶海区""}"
COMP_000096,马克数据网,合肥生覃农业发展有限公司,高楼,2022-12-26,1000000,有限责任公司（非自然人投资或控股的法人独资）,未知,91340102MA8PUK8DX9,2022-12-26至无固定期限,MA8PUK8D-X,存续,安徽省合肥市瑶海区长江东路恒通小区10栋601,安徽省,合肥市,瑶海区,农业,一般项目：智能农业管理；蔬菜种植；园艺产品种植；花卉种植；水果种植；茶叶种植；谷物种植；豆类种植；农业生产资料的购买、使用；石斛种植；农业机械服务；农业园艺服务；农业生产托管服务；食用农产品零售；农业机械销售；供应链管理服务；互联网销售（除销售需要许可的商品）；与农业生产经营有关的技术、信息、设施建设运营等服务；信息技术咨询服务（除许可业务外，可自主依法经营法律法规非禁止或限制的项目）,"{""company_name"": ""合肥生覃农业发展有限公司"", ""legal_rep"": ""高楼"", ""credit_code"": ""MA8PUK8D-X"", ""capital"": ""1000000"", ""est_date"": ""2022-12-26"", ""status"": ""存续"", ""address"": ""安徽省合肥市瑶海区长江东路恒通小区10栋601"", ""id"": 97.0, ""company_type"": ""有限责任公司（非自然人投资或控股的法人独资）"", ""approval_date"": ""26/12/2022"", ""business_scope"": ""一般项目：智能农业管理；蔬菜种植；园艺产品种植；花卉种植；水果种植；茶叶种植；谷物种植；豆类种植；农业生产资料的购买、使用；石斛种植；农业机械服务；农业园艺服务；农业生产托管服务；食用农产品零售；农业机械销售；供应链管理服务；互联网销售（除销售需要许可的商品）；与农业生产经营有关的技术、信息、设施建设运营等服务；信息技术咨询服务（除许可业务外，可自主依法经营法律法规非禁止或限制的项目）"", ""business_term"": ""2022-12-26至无固定期限"", ""source"": ""马克数据网"", ""taxpayer_id"": ""91340102MA8PUK8DX9"", ""contact_phone"": ""13695696187"", ""email"": ""1606262684@qq.com"", ""province"": ""安徽省"", ""city"": ""合肥市"", ""district"": ""瑶海区"", ""industry"": ""农业"", ""county"": ""瑶海区""}"
COMP_000097,马克数据网,合肥市瑶海区爱悠花卉经营部,唐淑靖,2020-03-19,未知,个体工商户,340102601098586,92340102MA2UJUHM14,2020-03-19至2022-10-14,MA2UJUHM-1,注销,安徽省合肥市瑶海区新蚌埠路33号大众时代之光商业街3-101门面,安徽省,合肥市,瑶海区,农业,鲜花礼品批发；礼品鲜花零售；盆栽花批发；花盆栽培植物零售；工艺品零售；婚庆礼仪服务；文化会展服务。（依法须经批准的项目，经相关部门批准后方可开展经营活动）,"{""company_name"": ""合肥市瑶海区爱悠花卉经营部"", ""legal_rep"": ""唐淑靖"", ""credit_code"": ""MA2UJUHM-1"", ""est_date"": ""2020-03-19"", ""status"": ""注销"", ""address"": ""安徽省合肥市瑶海区新蚌埠路33号大众时代之光商业街3-101门面"", ""id"": 98.0, ""company_type"": ""个体工商户"", ""approval_date"": ""14/10/2022"", ""business_scope"": ""鲜花礼品批发；礼品鲜花零售；盆栽花批发；花盆栽培植物零售；工艺品零售；婚庆礼仪服务；文化会展服务。（依法须经批准的项目，经相关部门批准后方可开展经营活动）"", ""business_term"": ""2020-03-19至2022-10-14"", ""source"": ""马克数据网"", ""taxpayer_id"": ""92340102MA2UJUHM14"", ""reg_number"": ""340102601098586"", ""province"": ""安徽省"", ""city"": ""合肥市"", ""district"": ""瑶海区"", ""industry"": ""农业"", ""county"": ""瑶海区""}"
COMP_000098,马克数据网,合肥瑶海区佳兴花卉店,方国山,2013-05-08,50000,个体工商户,340102600336085,未知,2013-05-08至无固定期限,未知,注销,合肥站塘路东苑雅居8幢902号,安徽省,合肥市,瑶海区,农业,花卉销售及盆花出租服务。,"{""company_name"": ""合肥瑶海区佳兴花卉店"", ""legal_rep"": ""方国山"", ""capital"": ""50000"", ""est_date"": ""2013-05-08"", ""status"": ""注销"", ""address"": ""合肥站塘路东苑雅居8幢902号"", ""id"": 99.0, ""company_type"": ""个体工商户"", ""approval_date"": ""19/2/2014"", ""business_scope"": ""花卉销售及盆花出租服务。"", ""business_term"": ""2013-05-08至无固定期限"", ""source"": ""马克数据网"", ""reg_number"": ""340102600336085"", ""province"": ""安徽省"", ""city"": ""合肥市"", ""district"": ""瑶海区"", ""industry"": ""农业""}"
COMP_000099,马克数据网,合肥市瑶海区琪康水果种植经营部,杜康,2022-11-16,100000,个体工商户,340102601658915,92340102MA8PPFP51G,2022-11-16至无固定期限,MA8PPFP5-1,存续,安徽省合肥市瑶海区临泉路森海豪庭22幢113号,安徽省,合肥市,瑶海区,农业,一般项目：水果种植；蔬菜种植；园艺产品种植；农副产品销售；食用农产品批发；新鲜蔬菜批发；新鲜水果零售；食品销售（仅销售预包装食品）；保健食品（预包装）销售；日用百货销售；日用品销售；五金产品批发；劳动保护用品销售；工艺美术品及收藏品零售（象牙及其制品除外）；家用电器销售；家用电器零配件销售；电子产品销售；办公用品销售；文具用品零售；互联网销售（除销售需要许可的商品）（除许可业务外，可自主依法经营法律法规非禁止或限制的项目）许可项目：食品销售（依法须经批准的项目，经相关部门批准后方可开展经营活动，具体经营项目以相关部门批准文件或许可证件为准）,"{""company_name"": ""合肥市瑶海区琪康水果种植经营部"", ""legal_rep"": ""杜康"", ""credit_code"": ""MA8PPFP5-1"", ""capital"": ""100000"", ""est_date"": ""2022-11-16"", ""status"": ""存续"", ""address"": ""安徽省合肥市瑶海区临泉路森海豪庭22幢113号"", ""id"": 100.0, ""company_type"": ""个体工商户"", ""approval_date"": ""16/11/2022"", ""business_scope"": ""一般项目：水果种植；蔬菜种植；园艺产品种植；农副产品销售；食用农产品批发；新鲜蔬菜批发；新鲜水果零售；食品销售（仅销售预包装食品）；保健食品（预包装）销售；日用百货销售；日用品销售；五金产品批发；劳动保护用品销售；工艺美术品及收藏品零售（象牙及其制品除外）；家用电器销售；家用电器零配件销售；电子产品销售；办公用品销售；文具用品零售；互联网销售（除销售需要许可的商品）（除许可业务外，可自主依法经营法律法规非禁止或限制的项目）许可项目：食品销售（依法须经批准的项目，经相关部门批准后方可开展经营活动，具体经营项目以相关部门批准文件或许可证件为准）"", ""business_term"": ""2022-11-16至无固定期限"", ""source"": ""马克数据网"", ""taxpayer_id"": ""92340102MA8PPFP51G"", ""reg_number"": ""340102601658915"", ""province"": ""安徽省"", ""city"": ""合肥市"", ""district"": ""瑶海区"", ""industry"": ""农业"", ""county"": ""瑶海区""}"
COMP_000100,马克数据网,安徽多点农业科技有限公司,王芳,2019-04-04,10000000,有限责任公司(自然人投资或控股),340102000182790,91340102MA2TL4X45W,2019-04-04至2039-04-02,MA2TL4X4-5,存续,安徽省合肥市瑶海区凤阳路88号银屏花园19幢203室,安徽省,合肥市,瑶海区,农业,农业科技技术开发、技术推广、技术服务；水产品、家禽、畜牧业养殖与销售；瓜果蔬菜、花卉、中药材、农作物种植与销售；农业观光旅游服务。（依法须经批准的项目，经相关部门批准后方可开展经营活动）,"{""company_name"": ""安徽多点农业科技有限公司"", ""legal_rep"": ""王芳"", ""credit_code"": ""MA2TL4X4-5"", ""capital"": ""10000000"", ""est_date"": ""2019-04-04"", ""status"": ""存续"", ""address"": ""安徽省合肥市瑶海区凤阳路88号银屏花园19幢203室"", ""id"": 101.0, ""company_type"": ""有限责任公司(自然人投资或控股)"", ""approval_date"": ""4/4/2019"", ""business_scope"": ""农业科技技术开发、技术推广、技术服务；水产品、家禽、畜牧业养殖与销售；瓜果蔬菜、花卉、中药材、农作物种植与销售；农业观光旅游服务。（依法须经批准的项目，经相关部门批准后方可开展经营活动）"", ""business_term"": ""2019-04-04至2039-04-02"", ""source"": ""马克数据网"", ""taxpayer_id"": ""91340102MA2TL4X45W"", ""reg_number"": ""340102000182790"", ""contact_phone"": ""13856998042;18160881823"", ""email"": ""2402249278@qq.com"", ""province"": ""安徽省"", ""city"": ""合肥市"", ""district"": ""瑶海区"", ""industry"": ""农业"", ""county"": ""瑶海区""}"
